,prime_award_unique_key,prime_award_fain,prime_award_amount,prime_award_disaster_emergency_fund_codes,prime_award_outlayed_amount_funded_by_COVID-19_supplementals,prime_award_obligated_amount_funded_by_COVID-19_supplementals,prime_award_base_action_date,prime_award_base_action_date_fiscal_year,prime_award_latest_action_date,prime_award_latest_action_date_fiscal_year,prime_award_period_of_performance_start_date,prime_award_period_of_performance_current_end_date,prime_award_awarding_agency_code,prime_award_awarding_agency_name,prime_award_awarding_sub_agency_code,prime_award_awarding_sub_agency_name,prime_award_awarding_office_code,prime_award_awarding_office_name,prime_award_funding_agency_code,prime_award_funding_agency_name,prime_award_funding_sub_agency_code,prime_award_funding_sub_agency_name,prime_award_funding_office_code,prime_award_funding_office_name,prime_award_treasury_accounts_funding_this_award,prime_award_federal_accounts_funding_this_award,prime_award_object_classes_funding_this_award,prime_award_program_activities_funding_this_award,prime_awardee_duns,prime_awardee_uei,prime_awardee_name,prime_awardee_dba_name,prime_awardee_parent_duns,prime_awardee_parent_uei,prime_awardee_parent_name,prime_awardee_country_code,prime_awardee_country_name,prime_awardee_address_line_1,prime_awardee_city_name,prime_awardee_county_name,prime_awardee_state_code,prime_awardee_state_name,prime_awardee_zip_code,prime_awardee_congressional_district,prime_awardee_foreign_postal_code,prime_awardee_business_types,prime_award_primary_place_of_performance_scope,prime_award_primary_place_of_performance_city_name,prime_award_primary_place_of_performance_state_code,prime_award_primary_place_of_performance_state_name,prime_award_primary_place_of_performance_address_zip_code,prime_award_primary_place_of_performance_congressional_district,prime_award_primary_place_of_performance_country_code,prime_award_primary_place_of_performance_country_name,prime_award_description,prime_award_cfda_numbers_and_titles,subaward_type,subaward_fsrs_report_id,subaward_fsrs_report_year,subaward_fsrs_report_month,subaward_number,subaward_amount,subaward_action_date,subaward_action_date_fiscal_year,subawardee_duns,subawardee_name,subawardee_dba_name,subawardee_parent_duns,subawardee_parent_name,subawardee_country_code,subawardee_country_name,subawardee_address_line_1,subawardee_city_name,subawardee_state_code,subawardee_state_name,subawardee_zip_code,subawardee_congressional_district,subawardee_foreign_postal_code,subawardee_business_types,subaward_primary_place_of_performance_address_line_1,subaward_primary_place_of_performance_city_name,subaward_primary_place_of_performance_state_code,subaward_primary_place_of_performance_state_name,subaward_primary_place_of_performance_address_zip_code,subaward_primary_place_of_performance_congressional_district,subaward_primary_place_of_performance_country_code,subaward_primary_place_of_performance_country_name,subaward_description,subawardee_highly_compensated_officer_1_name,subawardee_highly_compensated_officer_1_amount,subawardee_highly_compensated_officer_2_name,subawardee_highly_compensated_officer_2_amount,subawardee_highly_compensated_officer_3_name,subawardee_highly_compensated_officer_3_amount,subawardee_highly_compensated_officer_4_name,subawardee_highly_compensated_officer_4_amount,subawardee_highly_compensated_officer_5_name,subawardee_highly_compensated_officer_5_amount,usaspending_permalink,subaward_fsrs_report_last_modified_date
0,ASST_NON_S425U210025_9100,S425U210025,1831416990.0,V: Non-emergency P.L. 117-2,4973797.0,1831416990.0,2021-03-24,2021,2021-07-07,2021,2021-03-24,2023-09-30,91,Department of Education (ED),9100,Department of Education,919846,OFC OF ELEMENTARY AND SECONDARY EDU,91,Department of Education (ED),9100,Department of Education,910046,OFC OF ELEMENTARY AND SECONDARY EDU,091-2021/2023-0251-000,091-0251,"41.0: Grants, subsidies, and contributions",0000: UNKNOWN/OTHER,799538178,PUNALCFVXAL6,"ELEMENTARY AND SECONDARY EDUCATION, MASSACHUSETTS DEPARTMENT OF",,73130932,,"MASSACHUSETTS, COMMONWEALTH OF",USA,UNITED STATES,75 PLEASANT ST,MALDEN,MIDDLESEX,MA,Massachusetts,21485089,5,,State Government,SINGLE ZIP CODE,MALDEN,MA,Massachusetts,02148-4906,5,USA,UNITED STATES,American Rescue Plan - Elementary and Secondary Schools Emergency Relief Fund (ARP-ESSER),84.425: EDUCATION STABILIZATION FUND,sub-grant,3a7002de701e1458a8d7198454148edf,2021,9,FS425U2125VC6000192143,4457816.0,2021-08-20,2021,73811812,"WOBURN, CITY OF",Fire Department,73811812.0,"WOBURN, CITY OF",USA,UNITED STATES,10 COMMON ST,WOBURN,MA,Massachusetts,18014164,7,,"U.S. Local Government,City",,WOBURN,MA,Massachusetts,18014164,7,USA,UNITED STATES,"To prevent, prepare for, and respond to the coronavirus COVID-19 disease pandemic.",,,,,,,,,,,https://www.usaspending.gov/award/ASST_NON_S425U210025_9100/,2021-10-19 14:25:51+00
1,ASST_NON_S425U210025_9100,S425U210025,1831416990.0,V: Non-emergency P.L. 117-2,4973797.0,1831416990.0,2021-03-24,2021,2021-07-07,2021,2021-03-24,2023-09-30,91,Department of Education (ED),9100,Department of Education,919846,OFC OF ELEMENTARY AND SECONDARY EDU,91,Department of Education (ED),9100,Department of Education,910046,OFC OF ELEMENTARY AND SECONDARY EDU,091-2021/2023-0251-000,091-0251,"41.0: Grants, subsidies, and contributions",0000: UNKNOWN/OTHER,799538178,PUNALCFVXAL6,"ELEMENTARY AND SECONDARY EDUCATION, MASSACHUSETTS DEPARTMENT OF",,73130932,,"MASSACHUSETTS, COMMONWEALTH OF",USA,UNITED STATES,75 PLEASANT ST,MALDEN,MIDDLESEX,MA,Massachusetts,21485089,5,,State Government,SINGLE ZIP CODE,MALDEN,MA,Massachusetts,02148-4906,5,USA,UNITED STATES,American Rescue Plan - Elementary and Secondary Schools Emergency Relief Fund (ARP-ESSER),84.425: EDUCATION STABILIZATION FUND,sub-grant,3a7002de701e1458a8d7198454148edf,2021,9,FS425U2125VC6000067658,259159.0,2021-08-19,2021,176111453,HILL VIEW MONTESSORI CHARTER PUBLIC SCHOOL,,,,USA,UNITED STATES,555 WASHINGTON ST,HAVERHILL,MA,Massachusetts,18324517,5,,"U.S. Local Government,School District",,BRADFORD,MA,Massachusetts,18356926,5,USA,UNITED STATES,"To prevent, prepare for, and respond to the coronavirus COVID-19 disease pandemic.",,,,,,,,,,,https://www.usaspending.gov/award/ASST_NON_S425U210025_9100/,2021-10-19 14:25:51+00
2,ASST_NON_S425U210025_9100,S425U210025,1831416990.0,V: Non-emergency P.L. 117-2,4973797.0,1831416990.0,2021-03-24,2021,2021-07-07,2021,2021-03-24,2023-09-30,91,Department of Education (ED),9100,Department of Education,919846,OFC OF ELEMENTARY AND SECONDARY EDU,91,Department of Education (ED),9100,Department of Education,910046,OFC OF ELEMENTARY AND SECONDARY EDU,091-2021/2023-0251-000,091-0251,"41.0: Grants, subsidies, and contributions",0000: UNKNOWN/OTHER,799538178,PUNALCFVXAL6,"ELEMENTARY AND SECONDARY EDUCATION, MASSACHUSETTS DEPARTMENT OF",,73130932,,"MASSACHUSETTS, COMMONWEALTH OF",USA,UNITED STATES,75 PLEASANT ST,MALDEN,MIDDLESEX,MA,Massachusetts,21485089,5,,State Government,SINGLE ZIP CODE,MALDEN,MA,Massachusetts,021484906,5,USA,UNITED STATES,American Rescue Plan - Elementary and Secondary Schools Emergency Relief Fund (ARP-ESSER),84.425: EDUCATION STABILIZATION FUND,sub-grant,03bc9037d636d1d79a1f5f7c8db0f719,2021,8,FS425U2125VC6000195055,1304198.0,2021-07-27,2021,48015663,SOUTHERN BERKSHIRE REGIONAL SCHOOL DISTRICT,,48015663.0,SOUTHERN BERKSHIRE REGIONAL SCHOOL DISTRICT,USA,UNITED STATES,491 BERKSHIRE SCHOOL RD,SHEFFIELD,MA,Massachusetts,12570339,1,,"U.S. Local Government,School District",,SHEFFIELD,MA,Massachusetts,12579726,1,USA,UNITED STATES,"To prevent, prepare for, and respond to the coronavirus COVID-19 disease pandemic.",,,,,,,,,,,https://www.usaspending.gov/award/ASST_NON_S425U210025_9100/,2021-09-30 11:49:18+00
3,ASST_NON_S425U210025_9100,S425U210025,1831416990.0,V: Non-emergency P.L. 117-2,4973797.0,1831416990.0,2021-03-24,2021,2021-07-07,2021,2021-03-24,2023-09-30,91,Department of Education (ED),9100,Department of Education,919846,OFC OF ELEMENTARY AND SECONDARY EDU,91,Department of Education (ED),9100,Department of Education,910046,OFC OF ELEMENTARY AND SECONDARY EDU,091-2021/2023-0251-000,091-0251,"41.0: Grants, subsidies, and contributions",0000: UNKNOWN/OTHER,799538178,PUNALCFVXAL6,"ELEMENTARY AND SECONDARY EDUCATION, MASSACHUSETTS DEPARTMENT OF",,73130932,,"MASSACHUSETTS, COMMONWEALTH OF",USA,UNITED STATES,75 PLEASANT ST,MALDEN,MIDDLESEX,MA,Massachusetts,21485089,5,,State Government,SINGLE ZIP CODE,MALDEN,MA,Massachusetts,021484906,5,USA,UNITED STATES,American Rescue Plan - Elementary and Secondary Schools Emergency Relief Fund (ARP-ESSER),84.425: EDUCATION STABILIZATION FUND,sub-grant,03bc9037d636d1d79a1f5f7c8db0f719,2021,8,FS425U2125VC6000191932,2922925.0,2021-07-27,2021,69920734,"OXFORD, TOWN OF INC",,69920734.0,"OXFORD, TOWN OF INC",USA,UNITED STATES,325 MAIN ST,OXFORD,MA,Massachusetts,15401739,2,,"U.S. Local Government,Municipality",,OXFORD,MA,Massachusetts,15401739,2,USA,UNITED STATES,"To prevent, prepare for, and respond to the coronavirus COVID-19 disease pandemic.",,,,,,,,,,,https://www.usaspending.gov/award/ASST_NON_S425U210025_9100/,2021-09-30 11:49:18+00
4,ASST_NON_S425U210025_9100,S425U210025,1831416990.0,V: Non-emergency P.L. 117-2,4973797.0,1831416990.0,2021-03-24,2021,2021-07-07,2021,2021-03-24,2023-09-30,91,Department of Education (ED),9100,Department of Education,919846,OFC OF ELEMENTARY AND SECONDARY EDU,91,Department of Education (ED),9100,Department of Education,910046,OFC OF ELEMENTARY AND SECONDARY EDU,091-2021/2023-0251-000,091-0251,"41.0: Grants, subsidies, and contributions",0000: UNKNOWN/OTHER,799538178,PUNALCFVXAL6,"ELEMENTARY AND SECONDARY EDUCATION, MASSACHUSETTS DEPARTMENT OF",,73130932,,"MASSACHUSETTS, COMMONWEALTH OF",USA,UNITED STATES,75 PLEASANT ST,MALDEN,MIDDLESEX,MA,Massachusetts,21485089,5,,State Government,SINGLE ZIP CODE,MALDEN,MA,Massachusetts,02148-4906,5,USA,UNITED STATES,American Rescue Plan - Elementary and Secondary Schools Emergency Relief Fund (ARP-ESSER),84.425: EDUCATION STABILIZATION FUND,sub-grant,3a7002de701e1458a8d7198454148edf,2021,9,FS425U2125VC6000191723,1835522.0,2021-08-27,2021,73802712,"BILLERICA, TOWN OF",,73802712.0,"BILLERICA, TOWN OF",USA,UNITED STATES,365 BOSTON RD STE 207,BILLERICA,MA,Massachusetts,18218800,5,,"U.S. Local Government,Municipality",,Billerica,MA,Massachusetts,18210596,5,USA,UNITED STATES,"To prevent, prepare for, and respond to the coronavirus COVID-19 disease pandemic.",,,,,,,,,,,https://www.usaspending.gov/award/ASST_NON_S425U210025_9100/,2021-10-19 14:25:51+00
5,ASST_NON_S425U210025_9100,S425U210025,1831416990.0,V: Non-emergency P.L. 117-2,4973797.0,1831416990.0,2021-03-24,2021,2021-07-07,2021,2021-03-24,2023-09-30,91,Department of Education (ED),9100,Department of Education,919846,OFC OF ELEMENTARY AND SECONDARY EDU,91,Department of Education (ED),9100,Department of Education,910046,OFC OF ELEMENTARY AND SECONDARY EDU,091-2021/2023-0251-000,091-0251,"41.0: Grants, subsidies, and contributions",0000: UNKNOWN/OTHER,799538178,PUNALCFVXAL6,"ELEMENTARY AND SECONDARY EDUCATION, MASSACHUSETTS DEPARTMENT OF",,73130932,,"MASSACHUSETTS, COMMONWEALTH OF",USA,UNITED STATES,75 PLEASANT ST,MALDEN,MIDDLESEX,MA,Massachusetts,21485089,5,,State Government,SINGLE ZIP CODE,MALDEN,MA,Massachusetts,021484906,5,USA,UNITED STATES,American Rescue Plan - Elementary and Secondary Schools Emergency Relief Fund (ARP-ESSER),84.425: EDUCATION STABILIZATION FUND,sub-grant,9cc675434556775c4fe3211b8c9cd76b,2021,10,FS425U2125VC6000192124,747476.0,2021-09-13,2021,79217444,"NORTHAMPTON, CITY OF",City Hall,79217444.0,"NORTHAMPTON, CITY OF",USA,UNITED STATES,210 MAIN ST,NORTHAMPTON,MA,Massachusetts,10603196,2,,"U.S. Local Government,City",,NORTHAMPTON,MA,Massachusetts,10603196,2,USA,UNITED STATES,"To prevent, prepare for, and respond to the coronavirus COVID-19 disease pandemic.",,,,,,,,,,,https://www.usaspending.gov/award/ASST_NON_S425U210025_9100/,2021-10-29 09:12:19+00
6,ASST_NON_S425U210025_9100,S425U210025,1831416990.0,V: Non-emergency P.L. 117-2,4973797.0,1831416990.0,2021-03-24,2021,2021-07-07,2021,2021-03-24,2023-09-30,91,Department of Education (ED),9100,Department of Education,919846,OFC OF ELEMENTARY AND SECONDARY EDU,91,Department of Education (ED),9100,Department of Education,910046,OFC OF ELEMENTARY AND SECONDARY EDU,091-2021/2023-0251-000,091-0251,"41.0: Grants, subsidies, and contributions",0000: UNKNOWN/OTHER,799538178,PUNALCFVXAL6,"ELEMENTARY AND SECONDARY EDUCATION, MASSACHUSETTS DEPARTMENT OF",,73130932,,"MASSACHUSETTS, COMMONWEALTH OF",USA,UNITED STATES,75 PLEASANT ST,MALDEN,MIDDLESEX,MA,Massachusetts,21485089,5,,State Government,SINGLE ZIP CODE,MALDEN,MA,Massachusetts,02148-4906,5,USA,UNITED STATES,American Rescue Plan - Elementary and Secondary Schools Emergency Relief Fund (ARP-ESSER),84.425: EDUCATION STABILIZATION FUND,sub-grant,3a7002de701e1458a8d7198454148edf,2021,9,FS425U2125VC6000191860,1049338.0,2021-08-25,2021,52111726,LONGMEADOW PUBLIC SCHOOLS,FOOD SERVICE DEPARTMENT,52111726.0,LONGMEADOW PUBLIC SCHOOLS,USA,UNITED STATES,127 GRASSY GUTTER RD,LONGMEADOW,MA,Massachusetts,11061540,1,,"U.S. Local Government,City,School District",,LONGMEADOW,MA,Massachusetts,11061540,1,USA,UNITED STATES,"To prevent, prepare for, and respond to the coronavirus COVID-19 disease pandemic.",,,,,,,,,,,https://www.usaspending.gov/award/ASST_NON_S425U210025_9100/,2021-10-19 14:25:51+00
7,ASST_NON_S425U210025_9100,S425U210025,1831416990.0,V: Non-emergency P.L. 117-2,4973797.0,1831416990.0,2021-03-24,2021,2021-07-07,2021,2021-03-24,2023-09-30,91,Department of Education (ED),9100,Department of Education,919846,OFC OF ELEMENTARY AND SECONDARY EDU,91,Department of Education (ED),9100,Department of Education,910046,OFC OF ELEMENTARY AND SECONDARY EDU,091-2021/2023-0251-000,091-0251,"41.0: Grants, subsidies, and contributions",0000: UNKNOWN/OTHER,799538178,PUNALCFVXAL6,"ELEMENTARY AND SECONDARY EDUCATION, MASSACHUSETTS DEPARTMENT OF",,73130932,,"MASSACHUSETTS, COMMONWEALTH OF",USA,UNITED STATES,75 PLEASANT ST,MALDEN,MIDDLESEX,MA,Massachusetts,21485089,5,,State Government,SINGLE ZIP CODE,MALDEN,MA,Massachusetts,021484906,5,USA,UNITED STATES,American Rescue Plan - Elementary and Secondary Schools Emergency Relief Fund (ARP-ESSER),84.425: EDUCATION STABILIZATION FUND,sub-grant,9cc675434556775c4fe3211b8c9cd76b,2021,10,FS425U2125VC6000191713,376276.0,2021-09-27,2021,97451355,"BEDFORD, TOWN OF",,97451355.0,"BEDFORD, TOWN OF",USA,UNITED STATES,10 MUDGE WAY STE 1,BEDFORD,MA,Massachusetts,17302144,6,,"U.S. Local Government,Municipality",,BEDFORD,MA,Massachusetts,17302193,6,USA,UNITED STATES,"To prevent, prepare for, and respond to the coronavirus COVID-19 disease pandemic.",,,,,,,,,,,https://www.usaspending.gov/award/ASST_NON_S425U210025_9100/,2021-10-29 09:12:19+00
8,ASST_NON_S425U210025_9100,S425U210025,1831416990.0,V: Non-emergency P.L. 117-2,4973797.0,1831416990.0,2021-03-24,2021,2021-07-07,2021,2021-03-24,2023-09-30,91,Department of Education (ED),9100,Department of Education,919846,OFC OF ELEMENTARY AND SECONDARY EDU,91,Department of Education (ED),9100,Department of Education,910046,OFC OF ELEMENTARY AND SECONDARY EDU,091-2021/2023-0251-000,091-0251,"41.0: Grants, subsidies, and contributions",0000: UNKNOWN/OTHER,799538178,PUNALCFVXAL6,"ELEMENTARY AND SECONDARY EDUCATION, MASSACHUSETTS DEPARTMENT OF",,73130932,,"MASSACHUSETTS, COMMONWEALTH OF",USA,UNITED STATES,75 PLEASANT ST,MALDEN,MIDDLESEX,MA,Massachusetts,21485089,5,,State Government,SINGLE ZIP CODE,MALDEN,MA,Massachusetts,02148-4906,5,USA,UNITED STATES,American Rescue Plan - Elementary and Secondary Schools Emergency Relief Fund (ARP-ESSER),84.425: EDUCATION STABILIZATION FUND,sub-grant,3a7002de701e1458a8d7198454148edf,2021,9,FS425U2125VC6000191835,581261.0,2021-08-20,2021,151063112,"HOPEDALE, TOWN OF",,151063112.0,"HOPEDALE, TOWN OF",USA,UNITED STATES,78 HOPEDALE ST,HOPEDALE,MA,Massachusetts,17471743,4,,"U.S. Local Government,Housing Authorities Public/Tribal,Municipality",,HOPEDALE,MA,Massachusetts,17471742,2,USA,UNITED STATES,"To prevent, prepare for, and respond to the coronavirus COVID-19 disease pandemic.",,,,,,,,,,,https://www.usaspending.gov/award/ASST_NON_S425U210025_9100/,2021-10-19 14:25:51+00
9,ASST_NON_S425U210025_9100,S425U210025,1831416990.0,V: Non-emergency P.L. 117-2,4973797.0,1831416990.0,2021-03-24,2021,2021-07-07,2021,2021-03-24,2023-09-30,91,Department of Education (ED),9100,Department of Education,919846,OFC OF ELEMENTARY AND SECONDARY EDU,91,Department of Education (ED),9100,Department of Education,910046,OFC OF ELEMENTARY AND SECONDARY EDU,091-2021/2023-0251-000,091-0251,"41.0: Grants, subsidies, and contributions",0000: UNKNOWN/OTHER,799538178,PUNALCFVXAL6,"ELEMENTARY AND SECONDARY EDUCATION, MASSACHUSETTS DEPARTMENT OF",,73130932,,"MASSACHUSETTS, COMMONWEALTH OF",USA,UNITED STATES,75 PLEASANT ST,MALDEN,MIDDLESEX,MA,Massachusetts,21485089,5,,State Government,SINGLE ZIP CODE,MALDEN,MA,Massachusetts,021484906,5,USA,UNITED STATES,American Rescue Plan - Elementary and Secondary Schools Emergency Relief Fund (ARP-ESSER),84.425: EDUCATION STABILIZATION FUND,sub-grant,9cc675434556775c4fe3211b8c9cd76b,2021,10,FS425U2125VC6000191999,1403759.0,2021-09-09,2021,73806812,"SWAMPSCOTT, TOWN OF",,73806812.0,"SWAMPSCOTT, TOWN OF",USA,UNITED STATES,22 MONUMENT AVE,SWAMPSCOTT,MA,Massachusetts,19071977,6,,"U.S. Local Government,Township,Local Government Owned",,SWAMPSCOTT,MA,Massachusetts,19071977,6,USA,UNITED STATES,"To prevent, prepare for, and respond to the coronavirus COVID-19 disease pandemic.",,,,,,,,,,,https://www.usaspending.gov/award/ASST_NON_S425U210025_9100/,2021-10-29 09:12:19+00
10,ASST_NON_S425U210025_9100,S425U210025,1831416990.0,V: Non-emergency P.L. 117-2,4973797.0,1831416990.0,2021-03-24,2021,2021-07-07,2021,2021-03-24,2023-09-30,91,Department of Education (ED),9100,Department of Education,919846,OFC OF ELEMENTARY AND SECONDARY EDU,91,Department of Education (ED),9100,Department of Education,910046,OFC OF ELEMENTARY AND SECONDARY EDU,091-2021/2023-0251-000,091-0251,"41.0: Grants, subsidies, and contributions",0000: UNKNOWN/OTHER,799538178,PUNALCFVXAL6,"ELEMENTARY AND SECONDARY EDUCATION, MASSACHUSETTS DEPARTMENT OF",,73130932,,"MASSACHUSETTS, COMMONWEALTH OF",USA,UNITED STATES,75 PLEASANT ST,MALDEN,MIDDLESEX,MA,Massachusetts,21485089,5,,State Government,SINGLE ZIP CODE,MALDEN,MA,Massachusetts,02148-4906,5,USA,UNITED STATES,American Rescue Plan - Elementary and Secondary Schools Emergency Relief Fund (ARP-ESSER),84.425: EDUCATION STABILIZATION FUND,sub-grant,3a7002de701e1458a8d7198454148edf,2021,9,FS425U2125VC6000191736,366829.0,2021-08-12,2021,52248341,"BRIMFIELD, TOWN OF",,52248341.0,"BRIMFIELD, TOWN OF",USA,UNITED STATES,23 MAIN ST,BRIMFIELD,MA,Massachusetts,10109744,1,,"U.S. Local Government,Municipality",,BRIMFIELD,MA,Massachusetts,10109744,1,USA,UNITED STATES,"To prevent, prepare for, and respond to the coronavirus COVID-19 disease pandemic.",,,,,,,,,,,https://www.usaspending.gov/award/ASST_NON_S425U210025_9100/,2021-10-19 14:25:51+00
11,ASST_NON_S425U210025_9100,S425U210025,1831416990.0,V: Non-emergency P.L. 117-2,4973797.0,1831416990.0,2021-03-24,2021,2021-07-07,2021,2021-03-24,2023-09-30,91,Department of Education (ED),9100,Department of Education,919846,OFC OF ELEMENTARY AND SECONDARY EDU,91,Department of Education (ED),9100,Department of Education,910046,OFC OF ELEMENTARY AND SECONDARY EDU,091-2021/2023-0251-000,091-0251,"41.0: Grants, subsidies, and contributions",0000: UNKNOWN/OTHER,799538178,PUNALCFVXAL6,"ELEMENTARY AND SECONDARY EDUCATION, MASSACHUSETTS DEPARTMENT OF",,73130932,,"MASSACHUSETTS, COMMONWEALTH OF",USA,UNITED STATES,75 PLEASANT ST,MALDEN,MIDDLESEX,MA,Massachusetts,21485089,5,,State Government,SINGLE ZIP CODE,MALDEN,MA,Massachusetts,02148-4906,5,USA,UNITED STATES,American Rescue Plan - Elementary and Secondary Schools Emergency Relief Fund (ARP-ESSER),84.425: EDUCATION STABILIZATION FUND,sub-grant,3a7002de701e1458a8d7198454148edf,2021,9,FS425U2125VC6000191753,176118.0,2021-08-23,2021,99686438,"CLARKSBURG, TOWN OF",,99686438.0,"CLARKSBURG, TOWN OF",USA,UNITED STATES,111 RIVER RD,NORTH ADAMS,MA,Massachusetts,12472147,1,,"U.S. Local Government,Municipality",,CLARKSBURG,MA,Massachusetts,12472147,1,USA,UNITED STATES,"To prevent, prepare for, and respond to the coronavirus COVID-19 disease pandemic.",,,,,,,,,,,https://www.usaspending.gov/award/ASST_NON_S425U210025_9100/,2021-10-19 14:25:51+00
12,ASST_NON_S425U210025_9100,S425U210025,1831416990.0,V: Non-emergency P.L. 117-2,4973797.0,1831416990.0,2021-03-24,2021,2021-07-07,2021,2021-03-24,2023-09-30,91,Department of Education (ED),9100,Department of Education,919846,OFC OF ELEMENTARY AND SECONDARY EDU,91,Department of Education (ED),9100,Department of Education,910046,OFC OF ELEMENTARY AND SECONDARY EDU,091-2021/2023-0251-000,091-0251,"41.0: Grants, subsidies, and contributions",0000: UNKNOWN/OTHER,799538178,PUNALCFVXAL6,"ELEMENTARY AND SECONDARY EDUCATION, MASSACHUSETTS DEPARTMENT OF",,73130932,,"MASSACHUSETTS, COMMONWEALTH OF",USA,UNITED STATES,75 PLEASANT ST,MALDEN,MIDDLESEX,MA,Massachusetts,21485089,5,,State Government,SINGLE ZIP CODE,MALDEN,MA,Massachusetts,02148-4906,5,USA,UNITED STATES,American Rescue Plan - Elementary and Secondary Schools Emergency Relief Fund (ARP-ESSER),84.425: EDUCATION STABILIZATION FUND,sub-grant,3a7002de701e1458a8d7198454148edf,2021,9,FS425U2125VC6000195051,680656.0,2021-08-17,2021,60104353,SHAWSHEEN VLY REG VOC TECH SD,,60104353.0,SHAWSHEEN VLY REG VOC TECH SD,USA,UNITED STATES,100 COOK ST,BILLERICA,MA,Massachusetts,18215421,5,,"U.S. Local Government,School District,Educational Institution",,BURLINGTON,MA,Massachusetts,18033038,6,USA,UNITED STATES,"To prevent, prepare for, and respond to the coronavirus COVID-19 disease pandemic.",,,,,,,,,,,https://www.usaspending.gov/award/ASST_NON_S425U210025_9100/,2021-10-19 14:25:51+00
13,ASST_NON_S425U210025_9100,S425U210025,1831416990.0,V: Non-emergency P.L. 117-2,4973797.0,1831416990.0,2021-03-24,2021,2021-07-07,2021,2021-03-24,2023-09-30,91,Department of Education (ED),9100,Department of Education,919846,OFC OF ELEMENTARY AND SECONDARY EDU,91,Department of Education (ED),9100,Department of Education,910046,OFC OF ELEMENTARY AND SECONDARY EDU,091-2021/2023-0251-000,091-0251,"41.0: Grants, subsidies, and contributions",0000: UNKNOWN/OTHER,799538178,PUNALCFVXAL6,"ELEMENTARY AND SECONDARY EDUCATION, MASSACHUSETTS DEPARTMENT OF",,73130932,,"MASSACHUSETTS, COMMONWEALTH OF",USA,UNITED STATES,75 PLEASANT ST,MALDEN,MIDDLESEX,MA,Massachusetts,21485089,5,,State Government,SINGLE ZIP CODE,MALDEN,MA,Massachusetts,021484906,5,USA,UNITED STATES,American Rescue Plan - Elementary and Secondary Schools Emergency Relief Fund (ARP-ESSER),84.425: EDUCATION STABILIZATION FUND,sub-grant,03bc9037d636d1d79a1f5f7c8db0f719,2021,8,FS425U2125VC6000191816,170448.0,2021-07-26,2021,51362457,"HANCOCK, TOWN OF",,51362457.0,"HANCOCK, TOWN OF",USA,UNITED STATES,3650 HANCOCK RD,HANCOCK,MA,Massachusetts,1237,19,,"U.S. Local Government,Township",,HANCOCK,MA,Massachusetts,12371097,1,USA,UNITED STATES,"To prevent, prepare for, and respond to the coronavirus COVID-19 disease pandemic.",,,,,,,,,,,https://www.usaspending.gov/award/ASST_NON_S425U210025_9100/,2021-09-30 11:49:18+00
14,ASST_NON_S425U210025_9100,S425U210025,1831416990.0,V: Non-emergency P.L. 117-2,4973797.0,1831416990.0,2021-03-24,2021,2021-07-07,2021,2021-03-24,2023-09-30,91,Department of Education (ED),9100,Department of Education,919846,OFC OF ELEMENTARY AND SECONDARY EDU,91,Department of Education (ED),9100,Department of Education,910046,OFC OF ELEMENTARY AND SECONDARY EDU,091-2021/2023-0251-000,091-0251,"41.0: Grants, subsidies, and contributions",0000: UNKNOWN/OTHER,799538178,PUNALCFVXAL6,"ELEMENTARY AND SECONDARY EDUCATION, MASSACHUSETTS DEPARTMENT OF",,73130932,,"MASSACHUSETTS, COMMONWEALTH OF",USA,UNITED STATES,75 PLEASANT ST,MALDEN,MIDDLESEX,MA,Massachusetts,21485089,5,,State Government,SINGLE ZIP CODE,MALDEN,MA,Massachusetts,02148-4906,5,USA,UNITED STATES,American Rescue Plan - Elementary and Secondary Schools Emergency Relief Fund (ARP-ESSER),84.425: EDUCATION STABILIZATION FUND,sub-grant,3a7002de701e1458a8d7198454148edf,2021,9,FS425U2125VC6000191970,175218.0,2021-08-10,2021,26093240,SAVOY TOWN HALL,,,,USA,UNITED STATES,720 MAIN RD,SAVOY,MA,Massachusetts,12569387,1,,"U.S. Local Government,Township",,SAVOY,MA,Massachusetts,12569387,1,USA,UNITED STATES,"To prevent, prepare for, and respond to the coronavirus COVID-19 disease pandemic.",,,,,,,,,,,https://www.usaspending.gov/award/ASST_NON_S425U210025_9100/,2021-10-19 14:25:51+00
15,ASST_NON_S425U210025_9100,S425U210025,1831416990.0,V: Non-emergency P.L. 117-2,4973797.0,1831416990.0,2021-03-24,2021,2021-07-07,2021,2021-03-24,2023-09-30,91,Department of Education (ED),9100,Department of Education,919846,OFC OF ELEMENTARY AND SECONDARY EDU,91,Department of Education (ED),9100,Department of Education,910046,OFC OF ELEMENTARY AND SECONDARY EDU,091-2021/2023-0251-000,091-0251,"41.0: Grants, subsidies, and contributions",0000: UNKNOWN/OTHER,799538178,PUNALCFVXAL6,"ELEMENTARY AND SECONDARY EDUCATION, MASSACHUSETTS DEPARTMENT OF",,73130932,,"MASSACHUSETTS, COMMONWEALTH OF",USA,UNITED STATES,75 PLEASANT ST,MALDEN,MIDDLESEX,MA,Massachusetts,21485089,5,,State Government,SINGLE ZIP CODE,MALDEN,MA,Massachusetts,02148-4906,5,USA,UNITED STATES,American Rescue Plan - Elementary and Secondary Schools Emergency Relief Fund (ARP-ESSER),84.425: EDUCATION STABILIZATION FUND,sub-grant,3a7002de701e1458a8d7198454148edf,2021,9,FS425U2125VC6000191791,176117.0,2021-08-23,2021,830714593,"FLORIDA, TOWN OF",,830714593.0,"FLORIDA, TOWN OF",USA,UNITED STATES,379 MOHAWK TRL,DRURY,MA,Massachusetts,13439606,1,,"U.S. Local Government,Municipality",,FLORIDA,MA,Massachusetts,12470061,1,USA,UNITED STATES,"To prevent, prepare for, and respond to the coronavirus COVID-19 disease pandemic.",,,,,,,,,,,https://www.usaspending.gov/award/ASST_NON_S425U210025_9100/,2021-10-19 14:25:51+00
16,ASST_NON_S425U210025_9100,S425U210025,1831416990.0,V: Non-emergency P.L. 117-2,4973797.0,1831416990.0,2021-03-24,2021,2021-07-07,2021,2021-03-24,2023-09-30,91,Department of Education (ED),9100,Department of Education,919846,OFC OF ELEMENTARY AND SECONDARY EDU,91,Department of Education (ED),9100,Department of Education,910046,OFC OF ELEMENTARY AND SECONDARY EDU,091-2021/2023-0251-000,091-0251,"41.0: Grants, subsidies, and contributions",0000: UNKNOWN/OTHER,799538178,PUNALCFVXAL6,"ELEMENTARY AND SECONDARY EDUCATION, MASSACHUSETTS DEPARTMENT OF",,73130932,,"MASSACHUSETTS, COMMONWEALTH OF",USA,UNITED STATES,75 PLEASANT ST,MALDEN,MIDDLESEX,MA,Massachusetts,21485089,5,,State Government,SINGLE ZIP CODE,MALDEN,MA,Massachusetts,02148-4906,5,USA,UNITED STATES,American Rescue Plan - Elementary and Secondary Schools Emergency Relief Fund (ARP-ESSER),84.425: EDUCATION STABILIZATION FUND,sub-grant,3a7002de701e1458a8d7198454148edf,2021,9,FS425U2125VC6000191703,702693.0,2021-08-27,2021,88981535,"ASHLAND, TOWN OF (INC)",,88981535.0,"ASHLAND, TOWN OF (INC)",USA,UNITED STATES,101 MAIN STREET,ASHLAND,MA,Massachusetts,17211193,3,,"U.S. Local Government,Municipality",,ASHLAND,MA,Massachusetts,17211193,3,USA,UNITED STATES,"To prevent, prepare for, and respond to the coronavirus COVID-19 disease pandemic.",,,,,,,,,,,https://www.usaspending.gov/award/ASST_NON_S425U210025_9100/,2021-10-19 14:25:51+00
17,ASST_NON_S425U210025_9100,S425U210025,1831416990.0,V: Non-emergency P.L. 117-2,4973797.0,1831416990.0,2021-03-24,2021,2021-07-07,2021,2021-03-24,2023-09-30,91,Department of Education (ED),9100,Department of Education,919846,OFC OF ELEMENTARY AND SECONDARY EDU,91,Department of Education (ED),9100,Department of Education,910046,OFC OF ELEMENTARY AND SECONDARY EDU,091-2021/2023-0251-000,091-0251,"41.0: Grants, subsidies, and contributions",0000: UNKNOWN/OTHER,799538178,PUNALCFVXAL6,"ELEMENTARY AND SECONDARY EDUCATION, MASSACHUSETTS DEPARTMENT OF",,73130932,,"MASSACHUSETTS, COMMONWEALTH OF",USA,UNITED STATES,75 PLEASANT ST,MALDEN,MIDDLESEX,MA,Massachusetts,21485089,5,,State Government,SINGLE ZIP CODE,MALDEN,MA,Massachusetts,02148-4906,5,USA,UNITED STATES,American Rescue Plan - Elementary and Secondary Schools Emergency Relief Fund (ARP-ESSER),84.425: EDUCATION STABILIZATION FUND,sub-grant,3a7002de701e1458a8d7198454148edf,2021,9,FS425U2125VC6000191909,159189.0,2021-08-30,2021,8908035,"NORFOLK, TOWN OF",Conservation Commission,87132973.0,,USA,UNITED STATES,1 LIBERTY LN,NORFOLK,MA,Massachusetts,20561499,4,,"U.S. Local Government,Municipality",,NORFOLK,MA,Massachusetts,20561499,4,USA,UNITED STATES,"To prevent, prepare for, and respond to the coronavirus COVID-19 disease pandemic.",,,,,,,,,,,https://www.usaspending.gov/award/ASST_NON_S425U210025_9100/,2021-10-19 14:25:51+00
18,ASST_NON_S425U210025_9100,S425U210025,1831416990.0,V: Non-emergency P.L. 117-2,4973797.0,1831416990.0,2021-03-24,2021,2021-07-07,2021,2021-03-24,2023-09-30,91,Department of Education (ED),9100,Department of Education,919846,OFC OF ELEMENTARY AND SECONDARY EDU,91,Department of Education (ED),9100,Department of Education,910046,OFC OF ELEMENTARY AND SECONDARY EDU,091-2021/2023-0251-000,091-0251,"41.0: Grants, subsidies, and contributions",0000: UNKNOWN/OTHER,799538178,PUNALCFVXAL6,"ELEMENTARY AND SECONDARY EDUCATION, MASSACHUSETTS DEPARTMENT OF",,73130932,,"MASSACHUSETTS, COMMONWEALTH OF",USA,UNITED STATES,75 PLEASANT ST,MALDEN,MIDDLESEX,MA,Massachusetts,21485089,5,,State Government,SINGLE ZIP CODE,MALDEN,MA,Massachusetts,02148-4906,5,USA,UNITED STATES,American Rescue Plan - Elementary and Secondary Schools Emergency Relief Fund (ARP-ESSER),84.425: EDUCATION STABILIZATION FUND,sub-grant,3a7002de701e1458a8d7198454148edf,2021,9,FS425U2125VC6000195029,1457271.0,2021-08-02,2021,192169829,MOHAWK TRAIL REGIONAL SCHOOL DISTRICT,,192169829.0,MOHAWK TRAIL REGIONAL SCHOOL DISTRICT,USA,UNITED STATES,24 ASHFIELD RD,SHELBURNE FALLS,MA,Massachusetts,13709416,1,,"U.S. Local Government,School District",,SHELBURNE FALLS,MA,Massachusetts,13709416,1,USA,UNITED STATES,"To prevent, prepare for, and respond to the coronavirus COVID-19 disease pandemic.",,,,,,,,,,,https://www.usaspending.gov/award/ASST_NON_S425U210025_9100/,2021-10-19 14:25:51+00
19,ASST_NON_S425U210025_9100,S425U210025,1831416990.0,V: Non-emergency P.L. 117-2,4973797.0,1831416990.0,2021-03-24,2021,2021-07-07,2021,2021-03-24,2023-09-30,91,Department of Education (ED),9100,Department of Education,919846,OFC OF ELEMENTARY AND SECONDARY EDU,91,Department of Education (ED),9100,Department of Education,910046,OFC OF ELEMENTARY AND SECONDARY EDU,091-2021/2023-0251-000,091-0251,"41.0: Grants, subsidies, and contributions",0000: UNKNOWN/OTHER,799538178,PUNALCFVXAL6,"ELEMENTARY AND SECONDARY EDUCATION, MASSACHUSETTS DEPARTMENT OF",,73130932,,"MASSACHUSETTS, COMMONWEALTH OF",USA,UNITED STATES,75 PLEASANT ST,MALDEN,MIDDLESEX,MA,Massachusetts,21485089,5,,State Government,SINGLE ZIP CODE,MALDEN,MA,Massachusetts,02148-4906,5,USA,UNITED STATES,American Rescue Plan - Elementary and Secondary Schools Emergency Relief Fund (ARP-ESSER),84.425: EDUCATION STABILIZATION FUND,sub-grant,3a7002de701e1458a8d7198454148edf,2021,9,FS425U2125VC6000192017,248839.0,2021-08-23,2021,11576048,Town Of Wales,,11576048.0,,USA,UNITED STATES,3 Hollow Rd,Wales,MA,Massachusetts,10819713,1,,,,WALES,MA,Massachusetts,10810834,2,USA,UNITED STATES,"To prevent, prepare for, and respond to the coronavirus COVID-19 disease pandemic.",,,,,,,,,,,https://www.usaspending.gov/award/ASST_NON_S425U210025_9100/,2021-10-19 14:25:51+00
20,ASST_NON_S425U210025_9100,S425U210025,1831416990.0,V: Non-emergency P.L. 117-2,4973797.0,1831416990.0,2021-03-24,2021,2021-07-07,2021,2021-03-24,2023-09-30,91,Department of Education (ED),9100,Department of Education,919846,OFC OF ELEMENTARY AND SECONDARY EDU,91,Department of Education (ED),9100,Department of Education,910046,OFC OF ELEMENTARY AND SECONDARY EDU,091-2021/2023-0251-000,091-0251,"41.0: Grants, subsidies, and contributions",0000: UNKNOWN/OTHER,799538178,PUNALCFVXAL6,"ELEMENTARY AND SECONDARY EDUCATION, MASSACHUSETTS DEPARTMENT OF",,73130932,,"MASSACHUSETTS, COMMONWEALTH OF",USA,UNITED STATES,75 PLEASANT ST,MALDEN,MIDDLESEX,MA,Massachusetts,21485089,5,,State Government,SINGLE ZIP CODE,MALDEN,MA,Massachusetts,021484906,5,USA,UNITED STATES,American Rescue Plan - Elementary and Secondary Schools Emergency Relief Fund (ARP-ESSER),84.425: EDUCATION STABILIZATION FUND,sub-grant,03bc9037d636d1d79a1f5f7c8db0f719,2021,8,FS425U2125VC6000191953,788606.0,2021-07-27,2021,30814784,"READING, TOWN OF",Reading Town Hall,30814784.0,"READING, TOWN OF",USA,UNITED STATES,16 LOWELL ST,READING,MA,Massachusetts,18672674,6,,"U.S. Local Government,Municipality,School District",,READING,MA,Massachusetts,18672601,6,USA,UNITED STATES,"To prevent, prepare for, and respond to the coronavirus COVID-19 disease pandemic.",,,,,,,,,,,https://www.usaspending.gov/award/ASST_NON_S425U210025_9100/,2021-09-30 11:49:18+00
21,ASST_NON_S425U210025_9100,S425U210025,1831416990.0,V: Non-emergency P.L. 117-2,4973797.0,1831416990.0,2021-03-24,2021,2021-07-07,2021,2021-03-24,2023-09-30,91,Department of Education (ED),9100,Department of Education,919846,OFC OF ELEMENTARY AND SECONDARY EDU,91,Department of Education (ED),9100,Department of Education,910046,OFC OF ELEMENTARY AND SECONDARY EDU,091-2021/2023-0251-000,091-0251,"41.0: Grants, subsidies, and contributions",0000: UNKNOWN/OTHER,799538178,PUNALCFVXAL6,"ELEMENTARY AND SECONDARY EDUCATION, MASSACHUSETTS DEPARTMENT OF",,73130932,,"MASSACHUSETTS, COMMONWEALTH OF",USA,UNITED STATES,75 PLEASANT ST,MALDEN,MIDDLESEX,MA,Massachusetts,21485089,5,,State Government,SINGLE ZIP CODE,MALDEN,MA,Massachusetts,021484906,5,USA,UNITED STATES,American Rescue Plan - Elementary and Secondary Schools Emergency Relief Fund (ARP-ESSER),84.425: EDUCATION STABILIZATION FUND,sub-grant,03bc9037d636d1d79a1f5f7c8db0f719,2021,8,FS425U2125VC6000181836,764558.0,2021-07-27,2021,808169960,South Shore Charter Public School,,,,USA,UNITED STATES,100 Longwater Cir,Norwell,MA,Massachusetts,20611650,10,,,,NORWELL,MA,Massachusetts,20611616,10,USA,UNITED STATES,"To prevent, prepare for, and respond to the coronavirus COVID-19 disease pandemic.",,,,,,,,,,,https://www.usaspending.gov/award/ASST_NON_S425U210025_9100/,2021-09-30 11:49:18+00
22,ASST_NON_S425U210025_9100,S425U210025,1831416990.0,V: Non-emergency P.L. 117-2,4973797.0,1831416990.0,2021-03-24,2021,2021-07-07,2021,2021-03-24,2023-09-30,91,Department of Education (ED),9100,Department of Education,919846,OFC OF ELEMENTARY AND SECONDARY EDU,91,Department of Education (ED),9100,Department of Education,910046,OFC OF ELEMENTARY AND SECONDARY EDU,091-2021/2023-0251-000,091-0251,"41.0: Grants, subsidies, and contributions",0000: UNKNOWN/OTHER,799538178,PUNALCFVXAL6,"ELEMENTARY AND SECONDARY EDUCATION, MASSACHUSETTS DEPARTMENT OF",,73130932,,"MASSACHUSETTS, COMMONWEALTH OF",USA,UNITED STATES,75 PLEASANT ST,MALDEN,MIDDLESEX,MA,Massachusetts,21485089,5,,State Government,SINGLE ZIP CODE,MALDEN,MA,Massachusetts,02148-4906,5,USA,UNITED STATES,American Rescue Plan - Elementary and Secondary Schools Emergency Relief Fund (ARP-ESSER),84.425: EDUCATION STABILIZATION FUND,sub-grant,3a7002de701e1458a8d7198454148edf,2021,9,FS425U2125VC6000191995,547075.0,2021-08-25,2021,69916013,"STURBRIDGE, TOWN OF",,69916013.0,"STURBRIDGE, TOWN OF",USA,UNITED STATES,308 MAIN ST,STURBRIDGE,MA,Massachusetts,15662300,1,,"U.S. Local Government,Municipality",,STURBRIDGE,MA,Massachusetts,15662300,1,USA,UNITED STATES,"To prevent, prepare for, and respond to the coronavirus COVID-19 disease pandemic.",,,,,,,,,,,https://www.usaspending.gov/award/ASST_NON_S425U210025_9100/,2021-10-19 14:25:51+00
23,ASST_NON_S425U210025_9100,S425U210025,1831416990.0,V: Non-emergency P.L. 117-2,4973797.0,1831416990.0,2021-03-24,2021,2021-07-07,2021,2021-03-24,2023-09-30,91,Department of Education (ED),9100,Department of Education,919846,OFC OF ELEMENTARY AND SECONDARY EDU,91,Department of Education (ED),9100,Department of Education,910046,OFC OF ELEMENTARY AND SECONDARY EDU,091-2021/2023-0251-000,091-0251,"41.0: Grants, subsidies, and contributions",0000: UNKNOWN/OTHER,799538178,PUNALCFVXAL6,"ELEMENTARY AND SECONDARY EDUCATION, MASSACHUSETTS DEPARTMENT OF",,73130932,,"MASSACHUSETTS, COMMONWEALTH OF",USA,UNITED STATES,75 PLEASANT ST,MALDEN,MIDDLESEX,MA,Massachusetts,21485089,5,,State Government,SINGLE ZIP CODE,MALDEN,MA,Massachusetts,02148-4906,5,USA,UNITED STATES,American Rescue Plan - Elementary and Secondary Schools Emergency Relief Fund (ARP-ESSER),84.425: EDUCATION STABILIZATION FUND,sub-grant,3a7002de701e1458a8d7198454148edf,2021,9,FS425U2125VC6000191863,1281998.0,2021-08-25,2021,49764301,Town Of Lunenburg,Town Hall,49764301.0,,USA,UNITED STATES,960 Massachusetts Ave,Lunenburg,MA,Massachusetts,14621300,1,,,,LUNENBURG,MA,Massachusetts,14621300,1,USA,UNITED STATES,"To prevent, prepare for, and respond to the coronavirus COVID-19 disease pandemic.",,,,,,,,,,,https://www.usaspending.gov/award/ASST_NON_S425U210025_9100/,2021-10-19 14:25:51+00
24,ASST_NON_S425U210025_9100,S425U210025,1831416990.0,V: Non-emergency P.L. 117-2,4973797.0,1831416990.0,2021-03-24,2021,2021-07-07,2021,2021-03-24,2023-09-30,91,Department of Education (ED),9100,Department of Education,919846,OFC OF ELEMENTARY AND SECONDARY EDU,91,Department of Education (ED),9100,Department of Education,910046,OFC OF ELEMENTARY AND SECONDARY EDU,091-2021/2023-0251-000,091-0251,"41.0: Grants, subsidies, and contributions",0000: UNKNOWN/OTHER,799538178,PUNALCFVXAL6,"ELEMENTARY AND SECONDARY EDUCATION, MASSACHUSETTS DEPARTMENT OF",,73130932,,"MASSACHUSETTS, COMMONWEALTH OF",USA,UNITED STATES,75 PLEASANT ST,MALDEN,MIDDLESEX,MA,Massachusetts,21485089,5,,State Government,SINGLE ZIP CODE,MALDEN,MA,Massachusetts,02148-4906,5,USA,UNITED STATES,American Rescue Plan - Elementary and Secondary Schools Emergency Relief Fund (ARP-ESSER),84.425: EDUCATION STABILIZATION FUND,sub-grant,3a7002de701e1458a8d7198454148edf,2021,9,FS425U2125VC6000195058,926593.0,2021-08-27,2021,829566269,TANTASQUA REGIONAL SCHOOL DISTRICT,Special Education Union Six,100034172.0,,USA,UNITED STATES,320A BROOKFIELD RD,FISKDALE,MA,Massachusetts,15181017,1,,"U.S. Local Government,School District,Educational Institution,State Controlled Institution of Higher Learning",,STURBRIDGE,MA,Massachusetts,15661052,2,USA,UNITED STATES,"To prevent, prepare for, and respond to the coronavirus COVID-19 disease pandemic.",,,,,,,,,,,https://www.usaspending.gov/award/ASST_NON_S425U210025_9100/,2021-10-19 14:25:51+00
25,ASST_NON_S425U210025_9100,S425U210025,1831416990.0,V: Non-emergency P.L. 117-2,4973797.0,1831416990.0,2021-03-24,2021,2021-07-07,2021,2021-03-24,2023-09-30,91,Department of Education (ED),9100,Department of Education,919846,OFC OF ELEMENTARY AND SECONDARY EDU,91,Department of Education (ED),9100,Department of Education,910046,OFC OF ELEMENTARY AND SECONDARY EDU,091-2021/2023-0251-000,091-0251,"41.0: Grants, subsidies, and contributions",0000: UNKNOWN/OTHER,799538178,PUNALCFVXAL6,"ELEMENTARY AND SECONDARY EDUCATION, MASSACHUSETTS DEPARTMENT OF",,73130932,,"MASSACHUSETTS, COMMONWEALTH OF",USA,UNITED STATES,75 PLEASANT ST,MALDEN,MIDDLESEX,MA,Massachusetts,21485089,5,,State Government,SINGLE ZIP CODE,MALDEN,MA,Massachusetts,02148-4906,5,USA,UNITED STATES,American Rescue Plan - Elementary and Secondary Schools Emergency Relief Fund (ARP-ESSER),84.425: EDUCATION STABILIZATION FUND,sub-grant,3a7002de701e1458a8d7198454148edf,2021,9,FS425U2125VC6000191832,224740.0,2021-08-23,2021,52527900,"HOLLAND, TOWN OF",,52527900.0,"HOLLAND, TOWN OF",USA,UNITED STATES,27 STURBRIDGE RD STE 33,HOLLAND,MA,Massachusetts,15213150,1,,"U.S. Local Government,Municipality",,HOLLAND,MA,Massachusetts,15213150,1,USA,UNITED STATES,"To prevent, prepare for, and respond to the coronavirus COVID-19 disease pandemic.",,,,,,,,,,,https://www.usaspending.gov/award/ASST_NON_S425U210025_9100/,2021-10-19 14:25:51+00
26,ASST_NON_S425U210025_9100,S425U210025,1831416990.0,V: Non-emergency P.L. 117-2,4973797.0,1831416990.0,2021-03-24,2021,2021-07-07,2021,2021-03-24,2023-09-30,91,Department of Education (ED),9100,Department of Education,919846,OFC OF ELEMENTARY AND SECONDARY EDU,91,Department of Education (ED),9100,Department of Education,910046,OFC OF ELEMENTARY AND SECONDARY EDU,091-2021/2023-0251-000,091-0251,"41.0: Grants, subsidies, and contributions",0000: UNKNOWN/OTHER,799538178,PUNALCFVXAL6,"ELEMENTARY AND SECONDARY EDUCATION, MASSACHUSETTS DEPARTMENT OF",,73130932,,"MASSACHUSETTS, COMMONWEALTH OF",USA,UNITED STATES,75 PLEASANT ST,MALDEN,MIDDLESEX,MA,Massachusetts,21485089,5,,State Government,SINGLE ZIP CODE,MALDEN,MA,Massachusetts,021484906,5,USA,UNITED STATES,American Rescue Plan - Elementary and Secondary Schools Emergency Relief Fund (ARP-ESSER),84.425: EDUCATION STABILIZATION FUND,sub-grant,9cc675434556775c4fe3211b8c9cd76b,2021,10,FS425U2125VC6000191862,3133123.0,2021-09-13,2021,66982414,"LUDLOW, TOWN OF",,66982414.0,"LUDLOW, TOWN OF",USA,UNITED STATES,488 CHAPIN ST,LUDLOW,MA,Massachusetts,10562523,1,,"U.S. Local Government,Municipality",,LUDLOW,MA,Massachusetts,10562523,1,USA,UNITED STATES,"To prevent, prepare for, and respond to the coronavirus COVID-19 disease pandemic.",,,,,,,,,,,https://www.usaspending.gov/award/ASST_NON_S425U210025_9100/,2021-10-29 09:12:19+00
27,ASST_NON_S425U210025_9100,S425U210025,1831416990.0,V: Non-emergency P.L. 117-2,4973797.0,1831416990.0,2021-03-24,2021,2021-07-07,2021,2021-03-24,2023-09-30,91,Department of Education (ED),9100,Department of Education,919846,OFC OF ELEMENTARY AND SECONDARY EDU,91,Department of Education (ED),9100,Department of Education,910046,OFC OF ELEMENTARY AND SECONDARY EDU,091-2021/2023-0251-000,091-0251,"41.0: Grants, subsidies, and contributions",0000: UNKNOWN/OTHER,799538178,PUNALCFVXAL6,"ELEMENTARY AND SECONDARY EDUCATION, MASSACHUSETTS DEPARTMENT OF",,73130932,,"MASSACHUSETTS, COMMONWEALTH OF",USA,UNITED STATES,75 PLEASANT ST,MALDEN,MIDDLESEX,MA,Massachusetts,21485089,5,,State Government,SINGLE ZIP CODE,MALDEN,MA,Massachusetts,021484906,5,USA,UNITED STATES,American Rescue Plan - Elementary and Secondary Schools Emergency Relief Fund (ARP-ESSER),84.425: EDUCATION STABILIZATION FUND,sub-grant,9cc675434556775c4fe3211b8c9cd76b,2021,10,FS425U2125VC6000191993,3689086.0,2021-09-20,2021,627610959,"STOUGHTON, TOWN OF",STOUGHTON FIRE DEPARTMENT,75365692.0,"STOUGHTON, TOWN OF",USA,UNITED STATES,1550 CENTRAL ST,STOUGHTON,MA,Massachusetts,20721600,8,,"U.S. Local Government,Local Government Owned",,STOUGHTON,MA,Massachusetts,20722364,8,USA,UNITED STATES,"To prevent, prepare for, and respond to the coronavirus COVID-19 disease pandemic.",,,,,,,,,,,https://www.usaspending.gov/award/ASST_NON_S425U210025_9100/,2021-10-29 09:12:19+00
28,ASST_NON_S425U210025_9100,S425U210025,1831416990.0,V: Non-emergency P.L. 117-2,4973797.0,1831416990.0,2021-03-24,2021,2021-07-07,2021,2021-03-24,2023-09-30,91,Department of Education (ED),9100,Department of Education,919846,OFC OF ELEMENTARY AND SECONDARY EDU,91,Department of Education (ED),9100,Department of Education,910046,OFC OF ELEMENTARY AND SECONDARY EDU,091-2021/2023-0251-000,091-0251,"41.0: Grants, subsidies, and contributions",0000: UNKNOWN/OTHER,799538178,PUNALCFVXAL6,"ELEMENTARY AND SECONDARY EDUCATION, MASSACHUSETTS DEPARTMENT OF",,73130932,,"MASSACHUSETTS, COMMONWEALTH OF",USA,UNITED STATES,75 PLEASANT ST,MALDEN,MIDDLESEX,MA,Massachusetts,21485089,5,,State Government,SINGLE ZIP CODE,MALDEN,MA,Massachusetts,02148-4906,5,USA,UNITED STATES,American Rescue Plan - Elementary and Secondary Schools Emergency Relief Fund (ARP-ESSER),84.425: EDUCATION STABILIZATION FUND,sub-grant,3a7002de701e1458a8d7198454148edf,2021,9,FS425U2125VC6000191867,1161284.0,2021-08-25,2021,100032127,"MANSFIELD, TOWN OF",MANSFIELD SCHOOL DISTRICT,99419954.0,"MANSFIELD, TOWN OF",USA,UNITED STATES,2 PARK ROW,MANSFIELD,MA,Massachusetts,20482433,4,,"U.S. Local Government,Municipality",,MANSFIELD,MA,Massachusetts,20482033,4,USA,UNITED STATES,"To prevent, prepare for, and respond to the coronavirus COVID-19 disease pandemic.",,,,,,,,,,,https://www.usaspending.gov/award/ASST_NON_S425U210025_9100/,2021-10-19 14:25:51+00
29,ASST_NON_S425U210025_9100,S425U210025,1831416990.0,V: Non-emergency P.L. 117-2,4973797.0,1831416990.0,2021-03-24,2021,2021-07-07,2021,2021-03-24,2023-09-30,91,Department of Education (ED),9100,Department of Education,919846,OFC OF ELEMENTARY AND SECONDARY EDU,91,Department of Education (ED),9100,Department of Education,910046,OFC OF ELEMENTARY AND SECONDARY EDU,091-2021/2023-0251-000,091-0251,"41.0: Grants, subsidies, and contributions",0000: UNKNOWN/OTHER,799538178,PUNALCFVXAL6,"ELEMENTARY AND SECONDARY EDUCATION, MASSACHUSETTS DEPARTMENT OF",,73130932,,"MASSACHUSETTS, COMMONWEALTH OF",USA,UNITED STATES,75 PLEASANT ST,MALDEN,MIDDLESEX,MA,Massachusetts,21485089,5,,State Government,SINGLE ZIP CODE,MALDEN,MA,Massachusetts,021484906,5,USA,UNITED STATES,American Rescue Plan - Elementary and Secondary Schools Emergency Relief Fund (ARP-ESSER),84.425: EDUCATION STABILIZATION FUND,sub-grant,9cc675434556775c4fe3211b8c9cd76b,2021,10,FS425U2125VC6000194999,234924.0,2021-09-21,2021,75354092,BLACKSTONE VALLEY VOCATIONAL REGIONAL SCHOOL DISTRICT,,,,USA,UNITED STATES,65 PLEASANT ST,UPTON,MA,Massachusetts,15681431,2,,"U.S. Local Government,School District,Educational Institution,State Controlled Institution of Higher Learning",,UPTON,MA,Massachusetts,15681431,2,USA,UNITED STATES,"To prevent, prepare for, and respond to the coronavirus COVID-19 disease pandemic.",,,,,,,,,,,https://www.usaspending.gov/award/ASST_NON_S425U210025_9100/,2021-10-29 09:12:19+00
30,ASST_NON_S425U210025_9100,S425U210025,1831416990.0,V: Non-emergency P.L. 117-2,4973797.0,1831416990.0,2021-03-24,2021,2021-07-07,2021,2021-03-24,2023-09-30,91,Department of Education (ED),9100,Department of Education,919846,OFC OF ELEMENTARY AND SECONDARY EDU,91,Department of Education (ED),9100,Department of Education,910046,OFC OF ELEMENTARY AND SECONDARY EDU,091-2021/2023-0251-000,091-0251,"41.0: Grants, subsidies, and contributions",0000: UNKNOWN/OTHER,799538178,PUNALCFVXAL6,"ELEMENTARY AND SECONDARY EDUCATION, MASSACHUSETTS DEPARTMENT OF",,73130932,,"MASSACHUSETTS, COMMONWEALTH OF",USA,UNITED STATES,75 PLEASANT ST,MALDEN,MIDDLESEX,MA,Massachusetts,21485089,5,,State Government,SINGLE ZIP CODE,MALDEN,MA,Massachusetts,02148-4906,5,USA,UNITED STATES,American Rescue Plan - Elementary and Secondary Schools Emergency Relief Fund (ARP-ESSER),84.425: EDUCATION STABILIZATION FUND,sub-grant,3a7002de701e1458a8d7198454148edf,2021,9,FS425U2125VC6000191961,170766.0,2021-08-23,2021,55203108,"ROWE, TOWN OF",,55203108.0,"ROWE, TOWN OF",USA,UNITED STATES,321 ZOAR RD,ROWE,MA,Massachusetts,13679744,1,,"U.S. Local Government,Municipality",,ROWE,MA,Massachusetts,13679728,1,USA,UNITED STATES,"To prevent, prepare for, and respond to the coronavirus COVID-19 disease pandemic.",,,,,,,,,,,https://www.usaspending.gov/award/ASST_NON_S425U210025_9100/,2021-10-19 14:25:51+00
31,ASST_NON_S425U210025_9100,S425U210025,1831416990.0,V: Non-emergency P.L. 117-2,4973797.0,1831416990.0,2021-03-24,2021,2021-07-07,2021,2021-03-24,2023-09-30,91,Department of Education (ED),9100,Department of Education,919846,OFC OF ELEMENTARY AND SECONDARY EDU,91,Department of Education (ED),9100,Department of Education,910046,OFC OF ELEMENTARY AND SECONDARY EDU,091-2021/2023-0251-000,091-0251,"41.0: Grants, subsidies, and contributions",0000: UNKNOWN/OTHER,799538178,PUNALCFVXAL6,"ELEMENTARY AND SECONDARY EDUCATION, MASSACHUSETTS DEPARTMENT OF",,73130932,,"MASSACHUSETTS, COMMONWEALTH OF",USA,UNITED STATES,75 PLEASANT ST,MALDEN,MIDDLESEX,MA,Massachusetts,21485089,5,,State Government,SINGLE ZIP CODE,MALDEN,MA,Massachusetts,021484906,5,USA,UNITED STATES,American Rescue Plan - Elementary and Secondary Schools Emergency Relief Fund (ARP-ESSER),84.425: EDUCATION STABILIZATION FUND,sub-grant,9cc675434556775c4fe3211b8c9cd76b,2021,10,FS425U2125VC0000683905,2136609.0,2021-09-20,2021,47267515,Massachusetts Virtual Academy,,,,USA,UNITED STATES,278 Main St Ste 205,Greenfield,MA,Massachusetts,13013230,2,,,,GREENFIELD,MA,Massachusetts,13013230,2,USA,UNITED STATES,"To prevent, prepare for, and respond to the coronavirus COVID-19 disease pandemic.",,,,,,,,,,,https://www.usaspending.gov/award/ASST_NON_S425U210025_9100/,2021-10-29 09:12:19+00
32,ASST_NON_S425U210025_9100,S425U210025,1831416990.0,V: Non-emergency P.L. 117-2,4973797.0,1831416990.0,2021-03-24,2021,2021-07-07,2021,2021-03-24,2023-09-30,91,Department of Education (ED),9100,Department of Education,919846,OFC OF ELEMENTARY AND SECONDARY EDU,91,Department of Education (ED),9100,Department of Education,910046,OFC OF ELEMENTARY AND SECONDARY EDU,091-2021/2023-0251-000,091-0251,"41.0: Grants, subsidies, and contributions",0000: UNKNOWN/OTHER,799538178,PUNALCFVXAL6,"ELEMENTARY AND SECONDARY EDUCATION, MASSACHUSETTS DEPARTMENT OF",,73130932,,"MASSACHUSETTS, COMMONWEALTH OF",USA,UNITED STATES,75 PLEASANT ST,MALDEN,MIDDLESEX,MA,Massachusetts,21485089,5,,State Government,SINGLE ZIP CODE,MALDEN,MA,Massachusetts,021484906,5,USA,UNITED STATES,American Rescue Plan - Elementary and Secondary Schools Emergency Relief Fund (ARP-ESSER),84.425: EDUCATION STABILIZATION FUND,sub-grant,03bc9037d636d1d79a1f5f7c8db0f719,2021,8,FS425U2125VC6000195001,1972683.0,2021-07-27,2021,111427266,BRIDGEWATER-RAYNHAM REG SD,,111427266.0,BRIDGEWATER-RAYNHAM REG SD,USA,UNITED STATES,166 MOUNT PROSPECT ST,BRIDGEWATER,MA,Massachusetts,23241352,9,,"U.S. Local Government,School District",,BRIDGEWATER,MA,Massachusetts,23241352,9,USA,UNITED STATES,"To prevent, prepare for, and respond to the coronavirus COVID-19 disease pandemic.",,,,,,,,,,,https://www.usaspending.gov/award/ASST_NON_S425U210025_9100/,2021-09-30 11:49:18+00
33,ASST_NON_S425U210025_9100,S425U210025,1831416990.0,V: Non-emergency P.L. 117-2,4973797.0,1831416990.0,2021-03-24,2021,2021-07-07,2021,2021-03-24,2023-09-30,91,Department of Education (ED),9100,Department of Education,919846,OFC OF ELEMENTARY AND SECONDARY EDU,91,Department of Education (ED),9100,Department of Education,910046,OFC OF ELEMENTARY AND SECONDARY EDU,091-2021/2023-0251-000,091-0251,"41.0: Grants, subsidies, and contributions",0000: UNKNOWN/OTHER,799538178,PUNALCFVXAL6,"ELEMENTARY AND SECONDARY EDUCATION, MASSACHUSETTS DEPARTMENT OF",,73130932,,"MASSACHUSETTS, COMMONWEALTH OF",USA,UNITED STATES,75 PLEASANT ST,MALDEN,MIDDLESEX,MA,Massachusetts,21485089,5,,State Government,SINGLE ZIP CODE,MALDEN,MA,Massachusetts,02148-4906,5,USA,UNITED STATES,American Rescue Plan - Elementary and Secondary Schools Emergency Relief Fund (ARP-ESSER),84.425: EDUCATION STABILIZATION FUND,sub-grant,3a7002de701e1458a8d7198454148edf,2021,9,FS425U2125VC6000191737,519629.0,2021-08-13,2021,126291426,Town Of Brookfield,Brookfield Fire Dept,126291426.0,,USA,UNITED STATES,4 Central St,Brookfield,MA,Massachusetts,15061612,1,,,,BROOKFIELD,MA,Massachusetts,15060334,2,USA,UNITED STATES,"To prevent, prepare for, and respond to the coronavirus COVID-19 disease pandemic.",,,,,,,,,,,https://www.usaspending.gov/award/ASST_NON_S425U210025_9100/,2021-10-19 14:25:51+00
34,ASST_NON_S425U210025_9100,S425U210025,1831416990.0,V: Non-emergency P.L. 117-2,4973797.0,1831416990.0,2021-03-24,2021,2021-07-07,2021,2021-03-24,2023-09-30,91,Department of Education (ED),9100,Department of Education,919846,OFC OF ELEMENTARY AND SECONDARY EDU,91,Department of Education (ED),9100,Department of Education,910046,OFC OF ELEMENTARY AND SECONDARY EDU,091-2021/2023-0251-000,091-0251,"41.0: Grants, subsidies, and contributions",0000: UNKNOWN/OTHER,799538178,PUNALCFVXAL6,"ELEMENTARY AND SECONDARY EDUCATION, MASSACHUSETTS DEPARTMENT OF",,73130932,,"MASSACHUSETTS, COMMONWEALTH OF",USA,UNITED STATES,75 PLEASANT ST,MALDEN,MIDDLESEX,MA,Massachusetts,21485089,5,,State Government,SINGLE ZIP CODE,MALDEN,MA,Massachusetts,02148-4906,5,USA,UNITED STATES,American Rescue Plan - Elementary and Secondary Schools Emergency Relief Fund (ARP-ESSER),84.425: EDUCATION STABILIZATION FUND,sub-grant,3a7002de701e1458a8d7198454148edf,2021,9,FS425U2125VC6000192120,3368158.0,2021-08-05,2021,76576826,"NEWTON, CITY OF",,76576826.0,"NEWTON, CITY OF",USA,UNITED STATES,1000 COMMONWEALTH AVE NEWTON CTR,NEWTON,MA,Massachusetts,2459,4,,"U.S. Local Government,Municipality,Planning Commission",,Newton,MA,Massachusetts,24591400,4,USA,UNITED STATES,"To prevent, prepare for, and respond to the coronavirus COVID-19 disease pandemic.",,,,,,,,,,,https://www.usaspending.gov/award/ASST_NON_S425U210025_9100/,2021-10-19 14:25:51+00
35,ASST_NON_S425U210025_9100,S425U210025,1831416990.0,V: Non-emergency P.L. 117-2,4973797.0,1831416990.0,2021-03-24,2021,2021-07-07,2021,2021-03-24,2023-09-30,91,Department of Education (ED),9100,Department of Education,919846,OFC OF ELEMENTARY AND SECONDARY EDU,91,Department of Education (ED),9100,Department of Education,910046,OFC OF ELEMENTARY AND SECONDARY EDU,091-2021/2023-0251-000,091-0251,"41.0: Grants, subsidies, and contributions",0000: UNKNOWN/OTHER,799538178,PUNALCFVXAL6,"ELEMENTARY AND SECONDARY EDUCATION, MASSACHUSETTS DEPARTMENT OF",,73130932,,"MASSACHUSETTS, COMMONWEALTH OF",USA,UNITED STATES,75 PLEASANT ST,MALDEN,MIDDLESEX,MA,Massachusetts,21485089,5,,State Government,SINGLE ZIP CODE,MALDEN,MA,Massachusetts,021484906,5,USA,UNITED STATES,American Rescue Plan - Elementary and Secondary Schools Emergency Relief Fund (ARP-ESSER),84.425: EDUCATION STABILIZATION FUND,sub-grant,9cc675434556775c4fe3211b8c9cd76b,2021,10,FS425U2125VC6000191823,221701.0,2021-09-10,2021,956825038,"HATFIELD, TOWN OF",HATFIELD FIRE DEPARTMENT,66974478.0,,USA,UNITED STATES,59 MAIN ST,HATFIELD,MA,Massachusetts,10389702,2,,"U.S. Local Government,Municipality",,HATFIELD,MA,Massachusetts,10389702,2,USA,UNITED STATES,"To prevent, prepare for, and respond to the coronavirus COVID-19 disease pandemic.",,,,,,,,,,,https://www.usaspending.gov/award/ASST_NON_S425U210025_9100/,2021-10-29 09:12:19+00
36,ASST_NON_S425U210025_9100,S425U210025,1831416990.0,V: Non-emergency P.L. 117-2,4973797.0,1831416990.0,2021-03-24,2021,2021-07-07,2021,2021-03-24,2023-09-30,91,Department of Education (ED),9100,Department of Education,919846,OFC OF ELEMENTARY AND SECONDARY EDU,91,Department of Education (ED),9100,Department of Education,910046,OFC OF ELEMENTARY AND SECONDARY EDU,091-2021/2023-0251-000,091-0251,"41.0: Grants, subsidies, and contributions",0000: UNKNOWN/OTHER,799538178,PUNALCFVXAL6,"ELEMENTARY AND SECONDARY EDUCATION, MASSACHUSETTS DEPARTMENT OF",,73130932,,"MASSACHUSETTS, COMMONWEALTH OF",USA,UNITED STATES,75 PLEASANT ST,MALDEN,MIDDLESEX,MA,Massachusetts,21485089,5,,State Government,SINGLE ZIP CODE,MALDEN,MA,Massachusetts,02148-4906,5,USA,UNITED STATES,American Rescue Plan - Elementary and Secondary Schools Emergency Relief Fund (ARP-ESSER),84.425: EDUCATION STABILIZATION FUND,sub-grant,3a7002de701e1458a8d7198454148edf,2021,9,FS425U2125VC6000195044,1863316.0,2021-08-20,2021,51400067,PENTUCKET REGIONAL SCHOOL DISTRICT,,51400067.0,PENTUCKET REGIONAL SCHOOL DISTRICT,USA,UNITED STATES,22 MAIN ST,WEST NEWBURY,MA,Massachusetts,19851829,6,,"U.S. Local Government,School District",,WEST NEWBURY,MA,Massachusetts,19851829,6,USA,UNITED STATES,"To prevent, prepare for, and respond to the coronavirus COVID-19 disease pandemic.",,,,,,,,,,,https://www.usaspending.gov/award/ASST_NON_S425U210025_9100/,2021-10-19 14:25:51+00
37,ASST_NON_S425U210025_9100,S425U210025,1831416990.0,V: Non-emergency P.L. 117-2,4973797.0,1831416990.0,2021-03-24,2021,2021-07-07,2021,2021-03-24,2023-09-30,91,Department of Education (ED),9100,Department of Education,919846,OFC OF ELEMENTARY AND SECONDARY EDU,91,Department of Education (ED),9100,Department of Education,910046,OFC OF ELEMENTARY AND SECONDARY EDU,091-2021/2023-0251-000,091-0251,"41.0: Grants, subsidies, and contributions",0000: UNKNOWN/OTHER,799538178,PUNALCFVXAL6,"ELEMENTARY AND SECONDARY EDUCATION, MASSACHUSETTS DEPARTMENT OF",,73130932,,"MASSACHUSETTS, COMMONWEALTH OF",USA,UNITED STATES,75 PLEASANT ST,MALDEN,MIDDLESEX,MA,Massachusetts,21485089,5,,State Government,SINGLE ZIP CODE,MALDEN,MA,Massachusetts,021484906,5,USA,UNITED STATES,American Rescue Plan - Elementary and Secondary Schools Emergency Relief Fund (ARP-ESSER),84.425: EDUCATION STABILIZATION FUND,sub-grant,9cc675434556775c4fe3211b8c9cd76b,2021,10,FS425U2125VC6000195020,226681.0,2021-09-10,2021,51577419,Hawlemont Regional School District,HAWLEMONT REGIONAL SCHOOL,963495671.0,HAWLEMONT REGIONAL SCHOOL DISTRICT,USA,UNITED STATES,10 School St,Charlemont,MA,Massachusetts,13399776,1,,,,SHELBURNE FALLS,MA,Massachusetts,13709416,1,USA,UNITED STATES,"To prevent, prepare for, and respond to the coronavirus COVID-19 disease pandemic.",,,,,,,,,,,https://www.usaspending.gov/award/ASST_NON_S425U210025_9100/,2021-10-29 09:12:19+00
38,ASST_NON_S425U210025_9100,S425U210025,1831416990.0,V: Non-emergency P.L. 117-2,4973797.0,1831416990.0,2021-03-24,2021,2021-07-07,2021,2021-03-24,2023-09-30,91,Department of Education (ED),9100,Department of Education,919846,OFC OF ELEMENTARY AND SECONDARY EDU,91,Department of Education (ED),9100,Department of Education,910046,OFC OF ELEMENTARY AND SECONDARY EDU,091-2021/2023-0251-000,091-0251,"41.0: Grants, subsidies, and contributions",0000: UNKNOWN/OTHER,799538178,PUNALCFVXAL6,"ELEMENTARY AND SECONDARY EDUCATION, MASSACHUSETTS DEPARTMENT OF",,73130932,,"MASSACHUSETTS, COMMONWEALTH OF",USA,UNITED STATES,75 PLEASANT ST,MALDEN,MIDDLESEX,MA,Massachusetts,21485089,5,,State Government,SINGLE ZIP CODE,MALDEN,MA,Massachusetts,021484906,5,USA,UNITED STATES,American Rescue Plan - Elementary and Secondary Schools Emergency Relief Fund (ARP-ESSER),84.425: EDUCATION STABILIZATION FUND,sub-grant,9cc675434556775c4fe3211b8c9cd76b,2021,10,FS425U2125VC6000181845,3295006.0,2021-09-20,2021,939862801,ATLANTIS CHARTER SCHOOL,,939862801.0,ATLANTIS CHARTER SCHOOL,USA,UNITED STATES,37 PARK STREET,FALL RIVER,MA,Massachusetts,27211712,9,,"Non-Profit Organization,Foundation",,FALL RIVER,MA,Massachusetts,27211712,9,USA,UNITED STATES,"To prevent, prepare for, and respond to the coronavirus COVID-19 disease pandemic.",,,,,,,,,,,https://www.usaspending.gov/award/ASST_NON_S425U210025_9100/,2021-10-29 09:12:19+00
39,ASST_NON_S425U210025_9100,S425U210025,1831416990.0,V: Non-emergency P.L. 117-2,4973797.0,1831416990.0,2021-03-24,2021,2021-07-07,2021,2021-03-24,2023-09-30,91,Department of Education (ED),9100,Department of Education,919846,OFC OF ELEMENTARY AND SECONDARY EDU,91,Department of Education (ED),9100,Department of Education,910046,OFC OF ELEMENTARY AND SECONDARY EDU,091-2021/2023-0251-000,091-0251,"41.0: Grants, subsidies, and contributions",0000: UNKNOWN/OTHER,799538178,PUNALCFVXAL6,"ELEMENTARY AND SECONDARY EDUCATION, MASSACHUSETTS DEPARTMENT OF",,73130932,,"MASSACHUSETTS, COMMONWEALTH OF",USA,UNITED STATES,75 PLEASANT ST,MALDEN,MIDDLESEX,MA,Massachusetts,21485089,5,,State Government,SINGLE ZIP CODE,MALDEN,MA,Massachusetts,021484906,5,USA,UNITED STATES,American Rescue Plan - Elementary and Secondary Schools Emergency Relief Fund (ARP-ESSER),84.425: EDUCATION STABILIZATION FUND,sub-grant,9cc675434556775c4fe3211b8c9cd76b,2021,10,FS425U2125VC6000191864,428254.0,2021-09-14,2021,603948266,"LYNNFIELD, TOWN OF (INC)",LYNNFIELD FIRE DEPARTMENT,79508297.0,,USA,UNITED STATES,59 SUMMER ST,LYNNFIELD,MA,Massachusetts,19401823,6,,"U.S. Local Government,Township",,LYNNFIELD,MA,Massachusetts,12672003,1,USA,UNITED STATES,"To prevent, prepare for, and respond to the coronavirus COVID-19 disease pandemic.",,,,,,,,,,,https://www.usaspending.gov/award/ASST_NON_S425U210025_9100/,2021-10-29 09:12:19+00
40,ASST_NON_S425U210025_9100,S425U210025,1831416990.0,V: Non-emergency P.L. 117-2,4973797.0,1831416990.0,2021-03-24,2021,2021-07-07,2021,2021-03-24,2023-09-30,91,Department of Education (ED),9100,Department of Education,919846,OFC OF ELEMENTARY AND SECONDARY EDU,91,Department of Education (ED),9100,Department of Education,910046,OFC OF ELEMENTARY AND SECONDARY EDU,091-2021/2023-0251-000,091-0251,"41.0: Grants, subsidies, and contributions",0000: UNKNOWN/OTHER,799538178,PUNALCFVXAL6,"ELEMENTARY AND SECONDARY EDUCATION, MASSACHUSETTS DEPARTMENT OF",,73130932,,"MASSACHUSETTS, COMMONWEALTH OF",USA,UNITED STATES,75 PLEASANT ST,MALDEN,MIDDLESEX,MA,Massachusetts,21485089,5,,State Government,SINGLE ZIP CODE,MALDEN,MA,Massachusetts,02148-4906,5,USA,UNITED STATES,American Rescue Plan - Elementary and Secondary Schools Emergency Relief Fund (ARP-ESSER),84.425: EDUCATION STABILIZATION FUND,sub-grant,3a7002de701e1458a8d7198454148edf,2021,9,FS425U2125VC6000191901,650853.0,2021-08-05,2021,76618867,"NEEDHAM, TOWN OF",,76618867.0,"NEEDHAM, TOWN OF",USA,UNITED STATES,1471 HIGHLAND AVE,NEEDHAM,MA,Massachusetts,24922605,4,,"U.S. Local Government,Municipality",,NEEDHAM,MA,Massachusetts,24922605,4,USA,UNITED STATES,"To prevent, prepare for, and respond to the coronavirus COVID-19 disease pandemic.",,,,,,,,,,,https://www.usaspending.gov/award/ASST_NON_S425U210025_9100/,2021-10-19 14:25:51+00
41,ASST_NON_S425U210025_9100,S425U210025,1831416990.0,V: Non-emergency P.L. 117-2,4973797.0,1831416990.0,2021-03-24,2021,2021-07-07,2021,2021-03-24,2023-09-30,91,Department of Education (ED),9100,Department of Education,919846,OFC OF ELEMENTARY AND SECONDARY EDU,91,Department of Education (ED),9100,Department of Education,910046,OFC OF ELEMENTARY AND SECONDARY EDU,091-2021/2023-0251-000,091-0251,"41.0: Grants, subsidies, and contributions",0000: UNKNOWN/OTHER,799538178,PUNALCFVXAL6,"ELEMENTARY AND SECONDARY EDUCATION, MASSACHUSETTS DEPARTMENT OF",,73130932,,"MASSACHUSETTS, COMMONWEALTH OF",USA,UNITED STATES,75 PLEASANT ST,MALDEN,MIDDLESEX,MA,Massachusetts,21485089,5,,State Government,SINGLE ZIP CODE,MALDEN,MA,Massachusetts,021484906,5,USA,UNITED STATES,American Rescue Plan - Elementary and Secondary Schools Emergency Relief Fund (ARP-ESSER),84.425: EDUCATION STABILIZATION FUND,sub-grant,03bc9037d636d1d79a1f5f7c8db0f719,2021,8,FS425U2125VC6000191717,973559.0,2021-07-27,2021,73820680,"BELMONT, TOWN OF (INC)",,73820680.0,"BELMONT, TOWN OF (INC)",USA,UNITED STATES,460 CONCORD AVE,BELMONT,MA,Massachusetts,24782515,5,,"U.S. Local Government,Municipality",,BELMONT,MA,Massachusetts,24780900,7,USA,UNITED STATES,"To prevent, prepare for, and respond to the coronavirus COVID-19 disease pandemic.",,,,,,,,,,,https://www.usaspending.gov/award/ASST_NON_S425U210025_9100/,2021-09-30 11:49:18+00
42,ASST_NON_S425U210025_9100,S425U210025,1831416990.0,V: Non-emergency P.L. 117-2,4973797.0,1831416990.0,2021-03-24,2021,2021-07-07,2021,2021-03-24,2023-09-30,91,Department of Education (ED),9100,Department of Education,919846,OFC OF ELEMENTARY AND SECONDARY EDU,91,Department of Education (ED),9100,Department of Education,910046,OFC OF ELEMENTARY AND SECONDARY EDU,091-2021/2023-0251-000,091-0251,"41.0: Grants, subsidies, and contributions",0000: UNKNOWN/OTHER,799538178,PUNALCFVXAL6,"ELEMENTARY AND SECONDARY EDUCATION, MASSACHUSETTS DEPARTMENT OF",,73130932,,"MASSACHUSETTS, COMMONWEALTH OF",USA,UNITED STATES,75 PLEASANT ST,MALDEN,MIDDLESEX,MA,Massachusetts,21485089,5,,State Government,SINGLE ZIP CODE,MALDEN,MA,Massachusetts,02148-4906,5,USA,UNITED STATES,American Rescue Plan - Elementary and Secondary Schools Emergency Relief Fund (ARP-ESSER),84.425: EDUCATION STABILIZATION FUND,sub-grant,3a7002de701e1458a8d7198454148edf,2021,9,FS425U2125VC6000191998,254990.0,2021-08-23,2021,79507406,"SUTTON, TOWN OF",Board Of Selectmen,79507406.0,"SUTTON, TOWN OF",USA,UNITED STATES,4 UXBRIDGE RD,SUTTON,MA,Massachusetts,15901702,2,,"U.S. Local Government,Municipality",,SUTTON,MA,Massachusetts,15901702,2,USA,UNITED STATES,"To prevent, prepare for, and respond to the coronavirus COVID-19 disease pandemic.",,,,,,,,,,,https://www.usaspending.gov/award/ASST_NON_S425U210025_9100/,2021-10-19 14:25:51+00
43,ASST_NON_S425U210025_9100,S425U210025,1831416990.0,V: Non-emergency P.L. 117-2,4973797.0,1831416990.0,2021-03-24,2021,2021-07-07,2021,2021-03-24,2023-09-30,91,Department of Education (ED),9100,Department of Education,919846,OFC OF ELEMENTARY AND SECONDARY EDU,91,Department of Education (ED),9100,Department of Education,910046,OFC OF ELEMENTARY AND SECONDARY EDU,091-2021/2023-0251-000,091-0251,"41.0: Grants, subsidies, and contributions",0000: UNKNOWN/OTHER,799538178,PUNALCFVXAL6,"ELEMENTARY AND SECONDARY EDUCATION, MASSACHUSETTS DEPARTMENT OF",,73130932,,"MASSACHUSETTS, COMMONWEALTH OF",USA,UNITED STATES,75 PLEASANT ST,MALDEN,MIDDLESEX,MA,Massachusetts,21485089,5,,State Government,SINGLE ZIP CODE,MALDEN,MA,Massachusetts,02148-4906,5,USA,UNITED STATES,American Rescue Plan - Elementary and Secondary Schools Emergency Relief Fund (ARP-ESSER),84.425: EDUCATION STABILIZATION FUND,sub-grant,3a7002de701e1458a8d7198454148edf,2021,9,FS425U2125VC6000195033,1187313.0,2021-08-25,2021,100651736,NARRAGANSETT REGIONAL SCHOOL DISTRICT,,100651736.0,NARRAGANSETT REGIONAL SCHOOL DISTRICT,USA,UNITED STATES,462 BALDWINVILLE RD,BALDWINVILLE,MA,Massachusetts,14361328,2,,"U.S. Local Government,School District",,BALDWINVILLE,MA,Massachusetts,14361328,2,USA,UNITED STATES,"To prevent, prepare for, and respond to the coronavirus COVID-19 disease pandemic.",,,,,,,,,,,https://www.usaspending.gov/award/ASST_NON_S425U210025_9100/,2021-10-19 14:25:51+00
44,ASST_NON_S425W210022_9100,S425W210022,11994087.0,V: Non-emergency P.L. 117-2,197412.0,11994087.0,2021-04-26,2021,2021-07-27,2021,2021-04-23,2023-09-30,91,Department of Education (ED),9100,Department of Education,919846,OFC OF ELEMENTARY AND SECONDARY EDU,91,Department of Education (ED),9100,Department of Education,910046,OFC OF ELEMENTARY AND SECONDARY EDU,091-2021/2023-0251-000,091-0251,"41.0: Grants, subsidies, and contributions",0000: UNKNOWN/OTHER,799538178,PUNALCFVXAL6,"ELEMENTARY AND SECONDARY EDUCATION, MASSACHUSETTS DEPARTMENT OF",,73130932,FXV5JB3EPZ99,"MASSACHUSETTS, COMMONWEALTH OF",USA,UNITED STATES,75 PLEASANT ST,MALDEN,MIDDLESEX,MA,Massachusetts,21485089,5,,State Government,SINGLE ZIP CODE,MALDEN,MA,Massachusetts,21484906,5,USA,UNITED STATES,American Rescue Plan Elementary and Secondary Schools Emergency Relief Fund    Homeless Children and Youth (ARP-HCY),84.425: EDUCATION STABILIZATION FUND,sub-grant,bb5d019d365a806f935b6c503eefd040,2021,8,FS425W2122VC6000192104,63646.0,2021-07-20,2021,141414834,"LAWRENCE, CITY OF",DEPARTMENT OF TRAINING & DEVELOPMENT,79523171.0,"LAWRENCE, CITY OF",USA,UNITED STATES,439 S UNION ST BLDG 2 RM 106,LAWRENCE,MA,Massachusetts,18432800,5,,"U.S. Local Government,City",,LAWRENCE,MA,Massachusetts,18401517,3,USA,UNITED STATES,"To prevent, prepare for, and respond to the coronavirus COVID-19 disease pandemic.",,,,,,,,,,,https://www.usaspending.gov/award/ASST_NON_S425W210022_9100/,2021-09-30 11:49:20+00
45,ASST_NON_S425W210022_9100,S425W210022,11994087.0,V: Non-emergency P.L. 117-2,197412.0,11994087.0,2021-04-26,2021,2021-07-27,2021,2021-04-23,2023-09-30,91,Department of Education (ED),9100,Department of Education,919846,OFC OF ELEMENTARY AND SECONDARY EDU,91,Department of Education (ED),9100,Department of Education,910046,OFC OF ELEMENTARY AND SECONDARY EDU,091-2021/2023-0251-000,091-0251,"41.0: Grants, subsidies, and contributions",0000: UNKNOWN/OTHER,799538178,PUNALCFVXAL6,"ELEMENTARY AND SECONDARY EDUCATION, MASSACHUSETTS DEPARTMENT OF",,73130932,FXV5JB3EPZ99,"MASSACHUSETTS, COMMONWEALTH OF",USA,UNITED STATES,75 PLEASANT ST,MALDEN,MIDDLESEX,MA,Massachusetts,21485089,5,,State Government,SINGLE ZIP CODE,MALDEN,MA,Massachusetts,21484906,5,USA,UNITED STATES,American Rescue Plan Elementary and Secondary Schools Emergency Relief Fund    Homeless Children and Youth (ARP-HCY),84.425: EDUCATION STABILIZATION FUND,sub-grant,bb5d019d365a806f935b6c503eefd040,2021,8,FS425W2122VC6000192122,8833.0,2021-07-29,2021,829717839,"NORTH ADAMS, CITY OF",,96935812.0,,USA,UNITED STATES,40 AMERICAN LEGION DR,NORTH ADAMS,MA,Massachusetts,12473913,1,,"U.S. Local Government,Municipality,City",,NORTH ADAMS,MA,Massachusetts,12470566,1,USA,UNITED STATES,"To prevent, prepare for, and respond to the coronavirus COVID-19 disease pandemic.",,,,,,,,,,,https://www.usaspending.gov/award/ASST_NON_S425W210022_9100/,2021-09-30 11:49:20+00
46,ASST_NON_S425W210022_9100,S425W210022,11994087.0,V: Non-emergency P.L. 117-2,197412.0,11994087.0,2021-04-26,2021,2021-07-27,2021,2021-04-23,2023-09-30,91,Department of Education (ED),9100,Department of Education,919846,OFC OF ELEMENTARY AND SECONDARY EDU,91,Department of Education (ED),9100,Department of Education,910046,OFC OF ELEMENTARY AND SECONDARY EDU,091-2021/2023-0251-000,091-0251,"41.0: Grants, subsidies, and contributions",0000: UNKNOWN/OTHER,799538178,PUNALCFVXAL6,"ELEMENTARY AND SECONDARY EDUCATION, MASSACHUSETTS DEPARTMENT OF",,73130932,FXV5JB3EPZ99,"MASSACHUSETTS, COMMONWEALTH OF",USA,UNITED STATES,75 PLEASANT ST,MALDEN,MIDDLESEX,MA,Massachusetts,21485089,5,,State Government,SINGLE ZIP CODE,MALDEN,MA,Massachusetts,21484906,5,USA,UNITED STATES,American Rescue Plan Elementary and Secondary Schools Emergency Relief Fund    Homeless Children and Youth (ARP-HCY),84.425: EDUCATION STABILIZATION FUND,sub-grant,bb5d019d365a806f935b6c503eefd040,2021,8,FS425W2122VC6000192118,163834.0,2021-07-20,2021,75719187,"NEW BEDFORD, CITY OF (INC)",,75719187.0,"NEW BEDFORD, CITY OF (INC)",USA,UNITED STATES,133 WILLIAM ST UNIT 208,NEW BEDFORD,MA,Massachusetts,27406132,9,,"U.S. Local Government,Municipality,City",,NEW BEDFORD,MA,Massachusetts,27406132,9,USA,UNITED STATES,"To prevent, prepare for, and respond to the coronavirus COVID-19 disease pandemic.",,,,,,,,,,,https://www.usaspending.gov/award/ASST_NON_S425W210022_9100/,2021-09-30 11:49:20+00
47,ASST_NON_S425W210022_9100,S425W210022,11994087.0,V: Non-emergency P.L. 117-2,197412.0,11994087.0,2021-04-26,2021,2021-07-27,2021,2021-04-23,2023-09-30,91,Department of Education (ED),9100,Department of Education,919846,OFC OF ELEMENTARY AND SECONDARY EDU,91,Department of Education (ED),9100,Department of Education,910046,OFC OF ELEMENTARY AND SECONDARY EDU,091-2021/2023-0251-000,091-0251,"41.0: Grants, subsidies, and contributions",0000: UNKNOWN/OTHER,799538178,PUNALCFVXAL6,"ELEMENTARY AND SECONDARY EDUCATION, MASSACHUSETTS DEPARTMENT OF",,73130932,FXV5JB3EPZ99,"MASSACHUSETTS, COMMONWEALTH OF",USA,UNITED STATES,75 PLEASANT ST,MALDEN,MIDDLESEX,MA,Massachusetts,21485089,5,,State Government,SINGLE ZIP CODE,MALDEN,MA,Massachusetts,21484906,5,USA,UNITED STATES,American Rescue Plan Elementary and Secondary Schools Emergency Relief Fund    Homeless Children and Youth (ARP-HCY),84.425: EDUCATION STABILIZATION FUND,sub-grant,bb5d019d365a806f935b6c503eefd040,2021,8,FS425W2122VC6000192053,15246.0,2021-07-20,2021,76607274,TOWN OF WEYMOUTH,TOWN HALL,76607274.0,TOWN OF WEYMOUTH,USA,UNITED STATES,75 MIDDLE ST,WEYMOUTH,MA,Massachusetts,21891359,8,,"U.S. Local Government,Municipality,City",,WEYMOUTH,MA,Massachusetts,21891359,8,USA,UNITED STATES,"To prevent, prepare for, and respond to the coronavirus COVID-19 disease pandemic.",,,,,,,,,,,https://www.usaspending.gov/award/ASST_NON_S425W210022_9100/,2021-09-30 11:49:20+00
48,ASST_NON_S425W210022_9100,S425W210022,11994087.0,V: Non-emergency P.L. 117-2,197412.0,11994087.0,2021-04-26,2021,2021-07-27,2021,2021-04-23,2023-09-30,91,Department of Education (ED),9100,Department of Education,919846,OFC OF ELEMENTARY AND SECONDARY EDU,91,Department of Education (ED),9100,Department of Education,910046,OFC OF ELEMENTARY AND SECONDARY EDU,091-2021/2023-0251-000,091-0251,"41.0: Grants, subsidies, and contributions",0000: UNKNOWN/OTHER,799538178,PUNALCFVXAL6,"ELEMENTARY AND SECONDARY EDUCATION, MASSACHUSETTS DEPARTMENT OF",,73130932,FXV5JB3EPZ99,"MASSACHUSETTS, COMMONWEALTH OF",USA,UNITED STATES,75 PLEASANT ST,MALDEN,MIDDLESEX,MA,Massachusetts,21485089,5,,State Government,SINGLE ZIP CODE,MALDEN,MA,Massachusetts,21484906,5,USA,UNITED STATES,American Rescue Plan Elementary and Secondary Schools Emergency Relief Fund    Homeless Children and Youth (ARP-HCY),84.425: EDUCATION STABILIZATION FUND,sub-grant,bb5d019d365a806f935b6c503eefd040,2021,8,FS425W2122VC6000192108,129107.0,2021-07-29,2021,79521928,"LOWELL, CITY OF (INC)",,79521928.0,"LOWELL, CITY OF (INC)",USA,UNITED STATES,375 MERRIMACK ST RM 27,LOWELL,MA,Massachusetts,18525939,3,,"U.S. Local Government,Municipality,City,Planning Commission,Council of Governments",,LOWELL,MA,Massachusetts,18525909,5,USA,UNITED STATES,"To prevent, prepare for, and respond to the coronavirus COVID-19 disease pandemic.",,,,,,,,,,,https://www.usaspending.gov/award/ASST_NON_S425W210022_9100/,2021-09-30 11:49:20+00
49,ASST_NON_S425W210022_9100,S425W210022,11994087.0,V: Non-emergency P.L. 117-2,197412.0,11994087.0,2021-04-26,2021,2021-07-27,2021,2021-04-23,2023-09-30,91,Department of Education (ED),9100,Department of Education,919846,OFC OF ELEMENTARY AND SECONDARY EDU,91,Department of Education (ED),9100,Department of Education,910046,OFC OF ELEMENTARY AND SECONDARY EDU,091-2021/2023-0251-000,091-0251,"41.0: Grants, subsidies, and contributions",0000: UNKNOWN/OTHER,799538178,PUNALCFVXAL6,"ELEMENTARY AND SECONDARY EDUCATION, MASSACHUSETTS DEPARTMENT OF",,73130932,FXV5JB3EPZ99,"MASSACHUSETTS, COMMONWEALTH OF",USA,UNITED STATES,75 PLEASANT ST,MALDEN,MIDDLESEX,MA,Massachusetts,21485089,5,,State Government,SINGLE ZIP CODE,MALDEN,MA,Massachusetts,21484906,5,USA,UNITED STATES,American Rescue Plan Elementary and Secondary Schools Emergency Relief Fund    Homeless Children and Youth (ARP-HCY),84.425: EDUCATION STABILIZATION FUND,sub-grant,bb5d019d365a806f935b6c503eefd040,2021,8,FS425W2122VC6000192141,25168.0,2021-07-27,2021,808494772,"WALTHAM, CITY OF",,76619014.0,"WALTHAM, CITY OF",USA,UNITED STATES,610 MAIN ST,WALTHAM,MA,Massachusetts,24525580,5,,"U.S. Local Government,City",,WALTHAM,MA,Massachusetts,24525580,5,USA,UNITED STATES,"To prevent, prepare for, and respond to the coronavirus COVID-19 disease pandemic.",,,,,,,,,,,https://www.usaspending.gov/award/ASST_NON_S425W210022_9100/,2021-09-30 11:49:20+00
50,ASST_NON_S425W210022_9100,S425W210022,11994087.0,V: Non-emergency P.L. 117-2,197412.0,11994087.0,2021-04-26,2021,2021-07-27,2021,2021-04-23,2023-09-30,91,Department of Education (ED),9100,Department of Education,919846,OFC OF ELEMENTARY AND SECONDARY EDU,91,Department of Education (ED),9100,Department of Education,910046,OFC OF ELEMENTARY AND SECONDARY EDU,091-2021/2023-0251-000,091-0251,"41.0: Grants, subsidies, and contributions",0000: UNKNOWN/OTHER,799538178,PUNALCFVXAL6,"ELEMENTARY AND SECONDARY EDUCATION, MASSACHUSETTS DEPARTMENT OF",,73130932,FXV5JB3EPZ99,"MASSACHUSETTS, COMMONWEALTH OF",USA,UNITED STATES,75 PLEASANT ST,MALDEN,MIDDLESEX,MA,Massachusetts,21485089,5,,State Government,SINGLE ZIP CODE,MALDEN,MA,Massachusetts,21484906,5,USA,UNITED STATES,American Rescue Plan Elementary and Secondary Schools Emergency Relief Fund    Homeless Children and Youth (ARP-HCY),84.425: EDUCATION STABILIZATION FUND,sub-grant,94028e241e9180109d0bb0762cf99b4d,2021,10,FS425W2122VC6000192080,26015.0,2021-09-08,2021,76584341,"CAMBRIDGE, CITY OF",,76584341.0,"CAMBRIDGE, CITY OF",USA,UNITED STATES,795 MASSACHUSETTS AVE,CAMBRIDGE,MA,Massachusetts,21393201,5,,"U.S. Local Government,City",,CAMBRIDGE,MA,Massachusetts,21393201,5,USA,UNITED STATES,"To prevent, prepare for, and respond to the coronavirus COVID-19 disease pandemic.",,,,,,,,,,,https://www.usaspending.gov/award/ASST_NON_S425W210022_9100/,2021-10-29 09:12:19+00
51,ASST_NON_S425W210022_9100,S425W210022,11994087.0,V: Non-emergency P.L. 117-2,197412.0,11994087.0,2021-04-26,2021,2021-07-27,2021,2021-04-23,2023-09-30,91,Department of Education (ED),9100,Department of Education,919846,OFC OF ELEMENTARY AND SECONDARY EDU,91,Department of Education (ED),9100,Department of Education,910046,OFC OF ELEMENTARY AND SECONDARY EDU,091-2021/2023-0251-000,091-0251,"41.0: Grants, subsidies, and contributions",0000: UNKNOWN/OTHER,799538178,PUNALCFVXAL6,"ELEMENTARY AND SECONDARY EDUCATION, MASSACHUSETTS DEPARTMENT OF",,73130932,FXV5JB3EPZ99,"MASSACHUSETTS, COMMONWEALTH OF",USA,UNITED STATES,75 PLEASANT ST,MALDEN,MIDDLESEX,MA,Massachusetts,21485089,5,,State Government,SINGLE ZIP CODE,MALDEN,MA,Massachusetts,21484906,5,USA,UNITED STATES,American Rescue Plan Elementary and Secondary Schools Emergency Relief Fund    Homeless Children and Youth (ARP-HCY),84.425: EDUCATION STABILIZATION FUND,sub-grant,bb5d019d365a806f935b6c503eefd040,2021,8,FS425W2122VC6000192145,393008.0,2021-07-20,2021,65782575,"WORCESTER, CITY OF",CITY COUNCIL,65782575.0,"WORCESTER, CITY OF",USA,UNITED STATES,455 MAIN ST RM 112,WORCESTER,MA,Massachusetts,16081805,2,,"U.S. Local Government,Municipality,City",,WORCESTER,MA,Massachusetts,16081821,3,USA,UNITED STATES,"To prevent, prepare for, and respond to the coronavirus COVID-19 disease pandemic.",,,,,,,,,,,https://www.usaspending.gov/award/ASST_NON_S425W210022_9100/,2021-09-30 11:49:20+00
52,ASST_NON_S425W210022_9100,S425W210022,11994087.0,V: Non-emergency P.L. 117-2,197412.0,11994087.0,2021-04-26,2021,2021-07-27,2021,2021-04-23,2023-09-30,91,Department of Education (ED),9100,Department of Education,919846,OFC OF ELEMENTARY AND SECONDARY EDU,91,Department of Education (ED),9100,Department of Education,910046,OFC OF ELEMENTARY AND SECONDARY EDU,091-2021/2023-0251-000,091-0251,"41.0: Grants, subsidies, and contributions",0000: UNKNOWN/OTHER,799538178,PUNALCFVXAL6,"ELEMENTARY AND SECONDARY EDUCATION, MASSACHUSETTS DEPARTMENT OF",,73130932,FXV5JB3EPZ99,"MASSACHUSETTS, COMMONWEALTH OF",USA,UNITED STATES,75 PLEASANT ST,MALDEN,MIDDLESEX,MA,Massachusetts,21485089,5,,State Government,SINGLE ZIP CODE,MALDEN,MA,Massachusetts,21484906,5,USA,UNITED STATES,American Rescue Plan Elementary and Secondary Schools Emergency Relief Fund    Homeless Children and Youth (ARP-HCY),84.425: EDUCATION STABILIZATION FUND,sub-grant,bb5d019d365a806f935b6c503eefd040,2021,8,FS425W2122VC6000192075,548009.0,2021-07-21,2021,958165953,"BOSTON, CITY OF",TREASURER'S OFFICE,73812083.0,,USA,UNITED STATES,1 CITY HALL PLAZA RM M35,BOSTON,MA,Massachusetts,22011001,8,,"U.S. Local Government,City",,BOSTON,MA,Massachusetts,21082500,9,USA,UNITED STATES,"To prevent, prepare for, and respond to the coronavirus COVID-19 disease pandemic.",,,,,,,,,,,https://www.usaspending.gov/award/ASST_NON_S425W210022_9100/,2021-09-30 11:49:20+00
53,ASST_NON_S425W210022_9100,S425W210022,11994087.0,V: Non-emergency P.L. 117-2,197412.0,11994087.0,2021-04-26,2021,2021-07-27,2021,2021-04-23,2023-09-30,91,Department of Education (ED),9100,Department of Education,919846,OFC OF ELEMENTARY AND SECONDARY EDU,91,Department of Education (ED),9100,Department of Education,910046,OFC OF ELEMENTARY AND SECONDARY EDU,091-2021/2023-0251-000,091-0251,"41.0: Grants, subsidies, and contributions",0000: UNKNOWN/OTHER,799538178,PUNALCFVXAL6,"ELEMENTARY AND SECONDARY EDUCATION, MASSACHUSETTS DEPARTMENT OF",,73130932,FXV5JB3EPZ99,"MASSACHUSETTS, COMMONWEALTH OF",USA,UNITED STATES,75 PLEASANT ST,MALDEN,MIDDLESEX,MA,Massachusetts,21485089,5,,State Government,SINGLE ZIP CODE,MALDEN,MA,Massachusetts,21484906,5,USA,UNITED STATES,American Rescue Plan Elementary and Secondary Schools Emergency Relief Fund    Homeless Children and Youth (ARP-HCY),84.425: EDUCATION STABILIZATION FUND,sub-grant,bb5d019d365a806f935b6c503eefd040,2021,8,FS425W2122VC6000192140,187429.0,2021-07-20,2021,66985920,"SPRINGFIELD, CITY OF",,66985920.0,"SPRINGFIELD, CITY OF",USA,UNITED STATES,36 COURT ST,SPRINGFIELD,MA,Massachusetts,11031602,1,,"U.S. Local Government,City",,SPRINGFIELD,MA,Massachusetts,11031699,2,USA,UNITED STATES,"To prevent, prepare for, and respond to the coronavirus COVID-19 disease pandemic.",,,,,,,,,,,https://www.usaspending.gov/award/ASST_NON_S425W210022_9100/,2021-09-30 11:49:20+00
54,ASST_NON_S425W210022_9100,S425W210022,11994087.0,V: Non-emergency P.L. 117-2,197412.0,11994087.0,2021-04-26,2021,2021-07-27,2021,2021-04-23,2023-09-30,91,Department of Education (ED),9100,Department of Education,919846,OFC OF ELEMENTARY AND SECONDARY EDU,91,Department of Education (ED),9100,Department of Education,910046,OFC OF ELEMENTARY AND SECONDARY EDU,091-2021/2023-0251-000,091-0251,"41.0: Grants, subsidies, and contributions",0000: UNKNOWN/OTHER,799538178,PUNALCFVXAL6,"ELEMENTARY AND SECONDARY EDUCATION, MASSACHUSETTS DEPARTMENT OF",,73130932,FXV5JB3EPZ99,"MASSACHUSETTS, COMMONWEALTH OF",USA,UNITED STATES,75 PLEASANT ST,MALDEN,MIDDLESEX,MA,Massachusetts,21485089,5,,State Government,SINGLE ZIP CODE,MALDEN,MA,Massachusetts,21484906,5,USA,UNITED STATES,American Rescue Plan Elementary and Secondary Schools Emergency Relief Fund    Homeless Children and Youth (ARP-HCY),84.425: EDUCATION STABILIZATION FUND,sub-grant,bb5d019d365a806f935b6c503eefd040,2021,8,FS425W2122VC6000191793,59653.0,2021-07-16,2021,79408437,FRAMINGHAM PUBLIC SCHOOLS,,79408437.0,FRAMINGHAM PUBLIC SCHOOLS,USA,UNITED STATES,83 MT. WAYTE AVE,FRAMINGHAM,MA,Massachusetts,1702,5,,"U.S. Local Government,School District",,FRAMINGHAM,MA,Massachusetts,17017670,7,USA,UNITED STATES,"To prevent, prepare for, and respond to the coronavirus COVID-19 disease pandemic.",,,,,,,,,,,https://www.usaspending.gov/award/ASST_NON_S425W210022_9100/,2021-09-30 11:49:20+00
55,ASST_NON_S425W210022_9100,S425W210022,11994087.0,V: Non-emergency P.L. 117-2,197412.0,11994087.0,2021-04-26,2021,2021-07-27,2021,2021-04-23,2023-09-30,91,Department of Education (ED),9100,Department of Education,919846,OFC OF ELEMENTARY AND SECONDARY EDU,91,Department of Education (ED),9100,Department of Education,910046,OFC OF ELEMENTARY AND SECONDARY EDU,091-2021/2023-0251-000,091-0251,"41.0: Grants, subsidies, and contributions",0000: UNKNOWN/OTHER,799538178,PUNALCFVXAL6,"ELEMENTARY AND SECONDARY EDUCATION, MASSACHUSETTS DEPARTMENT OF",,73130932,FXV5JB3EPZ99,"MASSACHUSETTS, COMMONWEALTH OF",USA,UNITED STATES,75 PLEASANT ST,MALDEN,MIDDLESEX,MA,Massachusetts,21485089,5,,State Government,SINGLE ZIP CODE,MALDEN,MA,Massachusetts,21484906,5,USA,UNITED STATES,American Rescue Plan Elementary and Secondary Schools Emergency Relief Fund    Homeless Children and Youth (ARP-HCY),84.425: EDUCATION STABILIZATION FUND,sub-grant,bb5d019d365a806f935b6c503eefd040,2021,8,FS425W2122VC6000191951,5808.0,2021-07-29,2021,41742920,Town Of Randolph,Tax Collectors Office,81575672.0,,USA,UNITED STATES,41 S Main St,Randolph,MA,Massachusetts,23684824,9,,,,RANDOLPH,MA,Massachusetts,23684839,7,USA,UNITED STATES,"To prevent, prepare for, and respond to the coronavirus COVID-19 disease pandemic.",,,,,,,,,,,https://www.usaspending.gov/award/ASST_NON_S425W210022_9100/,2021-09-30 11:49:20+00
56,ASST_NON_S425W210022_9100,S425W210022,11994087.0,V: Non-emergency P.L. 117-2,197412.0,11994087.0,2021-04-26,2021,2021-07-27,2021,2021-04-23,2023-09-30,91,Department of Education (ED),9100,Department of Education,919846,OFC OF ELEMENTARY AND SECONDARY EDU,91,Department of Education (ED),9100,Department of Education,910046,OFC OF ELEMENTARY AND SECONDARY EDU,091-2021/2023-0251-000,091-0251,"41.0: Grants, subsidies, and contributions",0000: UNKNOWN/OTHER,799538178,PUNALCFVXAL6,"ELEMENTARY AND SECONDARY EDUCATION, MASSACHUSETTS DEPARTMENT OF",,73130932,FXV5JB3EPZ99,"MASSACHUSETTS, COMMONWEALTH OF",USA,UNITED STATES,75 PLEASANT ST,MALDEN,MIDDLESEX,MA,Massachusetts,21485089,5,,State Government,SINGLE ZIP CODE,MALDEN,MA,Massachusetts,21484906,5,USA,UNITED STATES,American Rescue Plan Elementary and Secondary Schools Emergency Relief Fund    Homeless Children and Youth (ARP-HCY),84.425: EDUCATION STABILIZATION FUND,sub-grant,bb5d019d365a806f935b6c503eefd040,2021,8,FS425W2122VC6000191710,9502.0,2021-07-20,2021,79530747,"BARNSTABLE, THE TOWN OF",,79530747.0,"BARNSTABLE, THE TOWN OF",USA,UNITED STATES,230 SOUTH ST,HYANNIS,MA,Massachusetts,26013935,9,,"U.S. Local Government,Municipality",,HYANNIS,MA,Massachusetts,26013919,10,USA,UNITED STATES,"To prevent, prepare for, and respond to the coronavirus COVID-19 disease pandemic.",,,,,,,,,,,https://www.usaspending.gov/award/ASST_NON_S425W210022_9100/,2021-09-30 11:49:20+00
57,ASST_NON_S425W210022_9100,S425W210022,11994087.0,V: Non-emergency P.L. 117-2,197412.0,11994087.0,2021-04-26,2021,2021-07-27,2021,2021-04-23,2023-09-30,91,Department of Education (ED),9100,Department of Education,919846,OFC OF ELEMENTARY AND SECONDARY EDU,91,Department of Education (ED),9100,Department of Education,910046,OFC OF ELEMENTARY AND SECONDARY EDU,091-2021/2023-0251-000,091-0251,"41.0: Grants, subsidies, and contributions",0000: UNKNOWN/OTHER,799538178,PUNALCFVXAL6,"ELEMENTARY AND SECONDARY EDUCATION, MASSACHUSETTS DEPARTMENT OF",,73130932,FXV5JB3EPZ99,"MASSACHUSETTS, COMMONWEALTH OF",USA,UNITED STATES,75 PLEASANT ST,MALDEN,MIDDLESEX,MA,Massachusetts,21485089,5,,State Government,SINGLE ZIP CODE,MALDEN,MA,Massachusetts,21484906,5,USA,UNITED STATES,American Rescue Plan Elementary and Secondary Schools Emergency Relief Fund    Homeless Children and Youth (ARP-HCY),84.425: EDUCATION STABILIZATION FUND,sub-grant,bb5d019d365a806f935b6c503eefd040,2021,8,FS425W2122VC6000192102,104181.0,2021-07-20,2021,66981572,"HOLYOKE, CITY OF",,66981572.0,"HOLYOKE, CITY OF",USA,UNITED STATES,536 DWIGHT ST,HOLYOKE,MA,Massachusetts,10405019,1,,"U.S. Local Government,Municipality,City,School District,Local Government Owned,Inter-municipal",,HOLYOKE,MA,Massachusetts,10405019,1,USA,UNITED STATES,"To prevent, prepare for, and respond to the coronavirus COVID-19 disease pandemic.",,,,,,,,,,,https://www.usaspending.gov/award/ASST_NON_S425W210022_9100/,2021-09-30 11:49:20+00
58,ASST_NON_S425W210022_9100,S425W210022,11994087.0,V: Non-emergency P.L. 117-2,197412.0,11994087.0,2021-04-26,2021,2021-07-27,2021,2021-04-23,2023-09-30,91,Department of Education (ED),9100,Department of Education,919846,OFC OF ELEMENTARY AND SECONDARY EDU,91,Department of Education (ED),9100,Department of Education,910046,OFC OF ELEMENTARY AND SECONDARY EDU,091-2021/2023-0251-000,091-0251,"41.0: Grants, subsidies, and contributions",0000: UNKNOWN/OTHER,799538178,PUNALCFVXAL6,"ELEMENTARY AND SECONDARY EDUCATION, MASSACHUSETTS DEPARTMENT OF",,73130932,FXV5JB3EPZ99,"MASSACHUSETTS, COMMONWEALTH OF",USA,UNITED STATES,75 PLEASANT ST,MALDEN,MIDDLESEX,MA,Massachusetts,21485089,5,,State Government,SINGLE ZIP CODE,MALDEN,MA,Massachusetts,21484906,5,USA,UNITED STATES,American Rescue Plan Elementary and Secondary Schools Emergency Relief Fund    Homeless Children and Youth (ARP-HCY),84.425: EDUCATION STABILIZATION FUND,sub-grant,bb5d019d365a806f935b6c503eefd040,2021,8,FS425W2122VC6000191870,7986.0,2021-07-20,2021,791289189,"MARSHFIELD, TOWN OF",MARSHFIELD EMERGENCY MGT AGCY,60095072.0,"MARSHFIELD, TOWN OF",USA,UNITED STATES,1639A OCEAN STREET,MARSHFIELD,MA,Massachusetts,20504933,9,,"U.S. Local Government,Municipality,Local Government Owned",,MARSHFIELD,MA,Massachusetts,20503498,9,USA,UNITED STATES,"To prevent, prepare for, and respond to the coronavirus COVID-19 disease pandemic.",,,,,,,,,,,https://www.usaspending.gov/award/ASST_NON_S425W210022_9100/,2021-09-30 11:49:20+00
59,ASST_NON_S425W210022_9100,S425W210022,11994087.0,V: Non-emergency P.L. 117-2,197412.0,11994087.0,2021-04-26,2021,2021-07-27,2021,2021-04-23,2023-09-30,91,Department of Education (ED),9100,Department of Education,919846,OFC OF ELEMENTARY AND SECONDARY EDU,91,Department of Education (ED),9100,Department of Education,910046,OFC OF ELEMENTARY AND SECONDARY EDU,091-2021/2023-0251-000,091-0251,"41.0: Grants, subsidies, and contributions",0000: UNKNOWN/OTHER,799538178,PUNALCFVXAL6,"ELEMENTARY AND SECONDARY EDUCATION, MASSACHUSETTS DEPARTMENT OF",,73130932,FXV5JB3EPZ99,"MASSACHUSETTS, COMMONWEALTH OF",USA,UNITED STATES,75 PLEASANT ST,MALDEN,MIDDLESEX,MA,Massachusetts,21485089,5,,State Government,SINGLE ZIP CODE,MALDEN,MA,Massachusetts,21484906,5,USA,UNITED STATES,American Rescue Plan Elementary and Secondary Schools Emergency Relief Fund    Homeless Children and Youth (ARP-HCY),84.425: EDUCATION STABILIZATION FUND,sub-grant,bb5d019d365a806f935b6c503eefd040,2021,8,FS425W2122VC6000191808,6655.0,2021-07-20,2021,66983974,"GREENFIELD, TOWN OF",,66983974.0,"GREENFIELD, TOWN OF",USA,UNITED STATES,14 COURT SQUARE,GREENFIELD,MA,Massachusetts,13013547,1,,"U.S. Local Government,City,School District",,GREENFIELD,MA,Massachusetts,13013547,1,USA,UNITED STATES,"To prevent, prepare for, and respond to the coronavirus COVID-19 disease pandemic.",,,,,,,,,,,https://www.usaspending.gov/award/ASST_NON_S425W210022_9100/,2021-09-30 11:49:20+00
60,ASST_NON_S425W210022_9100,S425W210022,11994087.0,V: Non-emergency P.L. 117-2,197412.0,11994087.0,2021-04-26,2021,2021-07-27,2021,2021-04-23,2023-09-30,91,Department of Education (ED),9100,Department of Education,919846,OFC OF ELEMENTARY AND SECONDARY EDU,91,Department of Education (ED),9100,Department of Education,910046,OFC OF ELEMENTARY AND SECONDARY EDU,091-2021/2023-0251-000,091-0251,"41.0: Grants, subsidies, and contributions",0000: UNKNOWN/OTHER,799538178,PUNALCFVXAL6,"ELEMENTARY AND SECONDARY EDUCATION, MASSACHUSETTS DEPARTMENT OF",,73130932,FXV5JB3EPZ99,"MASSACHUSETTS, COMMONWEALTH OF",USA,UNITED STATES,75 PLEASANT ST,MALDEN,MIDDLESEX,MA,Massachusetts,21485089,5,,State Government,SINGLE ZIP CODE,MALDEN,MA,Massachusetts,21484906,5,USA,UNITED STATES,American Rescue Plan Elementary and Secondary Schools Emergency Relief Fund    Homeless Children and Youth (ARP-HCY),84.425: EDUCATION STABILIZATION FUND,sub-grant,bb5d019d365a806f935b6c503eefd040,2021,8,FS425W2122VC6000192071,8954.0,2021-07-20,2021,781269899,"ATTLEBORO, CITY OF",ATTLEBORO FIRE DEPARTMENT,75710475.0,"ATTLEBORO, CITY OF",USA,UNITED STATES,100 UNION ST,ATTLEBORO,MA,Massachusetts,27032905,4,,"U.S. Local Government,City",,ATTLEBORO,MA,Massachusetts,27032334,4,USA,UNITED STATES,"To prevent, prepare for, and respond to the coronavirus COVID-19 disease pandemic.",,,,,,,,,,,https://www.usaspending.gov/award/ASST_NON_S425W210022_9100/,2021-09-30 11:49:20+00
61,ASST_NON_S425W210022_9100,S425W210022,11994087.0,V: Non-emergency P.L. 117-2,197412.0,11994087.0,2021-04-26,2021,2021-07-27,2021,2021-04-23,2023-09-30,91,Department of Education (ED),9100,Department of Education,919846,OFC OF ELEMENTARY AND SECONDARY EDU,91,Department of Education (ED),9100,Department of Education,910046,OFC OF ELEMENTARY AND SECONDARY EDU,091-2021/2023-0251-000,091-0251,"41.0: Grants, subsidies, and contributions",0000: UNKNOWN/OTHER,799538178,PUNALCFVXAL6,"ELEMENTARY AND SECONDARY EDUCATION, MASSACHUSETTS DEPARTMENT OF",,73130932,FXV5JB3EPZ99,"MASSACHUSETTS, COMMONWEALTH OF",USA,UNITED STATES,75 PLEASANT ST,MALDEN,MIDDLESEX,MA,Massachusetts,21485089,5,,State Government,SINGLE ZIP CODE,MALDEN,MA,Massachusetts,21484906,5,USA,UNITED STATES,American Rescue Plan Elementary and Secondary Schools Emergency Relief Fund    Homeless Children and Youth (ARP-HCY),84.425: EDUCATION STABILIZATION FUND,sub-grant,bb5d019d365a806f935b6c503eefd040,2021,8,FS425W2122VC6000192132,17182.0,2021-07-20,2021,79532107,"QUINCY, CITY OF",Quincy City Hall,79532107.0,"QUINCY, CITY OF",USA,UNITED STATES,1305 HANCOCK ST,QUINCY,MA,Massachusetts,21695119,8,,"U.S. Local Government,City",,QUINCY,MA,Massachusetts,21695119,8,USA,UNITED STATES,"To prevent, prepare for, and respond to the coronavirus COVID-19 disease pandemic.",,,,,,,,,,,https://www.usaspending.gov/award/ASST_NON_S425W210022_9100/,2021-09-30 11:49:20+00
62,ASST_NON_S425W210022_9100,S425W210022,11994087.0,V: Non-emergency P.L. 117-2,197412.0,11994087.0,2021-04-26,2021,2021-07-27,2021,2021-04-23,2023-09-30,91,Department of Education (ED),9100,Department of Education,919846,OFC OF ELEMENTARY AND SECONDARY EDU,91,Department of Education (ED),9100,Department of Education,910046,OFC OF ELEMENTARY AND SECONDARY EDU,091-2021/2023-0251-000,091-0251,"41.0: Grants, subsidies, and contributions",0000: UNKNOWN/OTHER,799538178,PUNALCFVXAL6,"ELEMENTARY AND SECONDARY EDUCATION, MASSACHUSETTS DEPARTMENT OF",,73130932,FXV5JB3EPZ99,"MASSACHUSETTS, COMMONWEALTH OF",USA,UNITED STATES,75 PLEASANT ST,MALDEN,MIDDLESEX,MA,Massachusetts,21485089,5,,State Government,SINGLE ZIP CODE,MALDEN,MA,Massachusetts,21484906,5,USA,UNITED STATES,American Rescue Plan Elementary and Secondary Schools Emergency Relief Fund    Homeless Children and Youth (ARP-HCY),84.425: EDUCATION STABILIZATION FUND,sub-grant,bb5d019d365a806f935b6c503eefd040,2021,8,FS425W2122VC6000192110,22506.0,2021-07-20,2021,100032101,MALDEN SCHOOL DISTRICT,MALDEN PUBLIC SCHOOLS,100032101.0,MALDEN SCHOOL DISTRICT,USA,UNITED STATES,200 PLEASANT ST,MALDEN,MA,Massachusetts,21484802,5,,"U.S. Local Government,City,School District",,MALDEN,MA,Massachusetts,21484802,5,USA,UNITED STATES,"To prevent, prepare for, and respond to the coronavirus COVID-19 disease pandemic.",,,,,,,,,,,https://www.usaspending.gov/award/ASST_NON_S425W210022_9100/,2021-09-30 11:49:20+00
63,ASST_NON_S425W210022_9100,S425W210022,11994087.0,V: Non-emergency P.L. 117-2,197412.0,11994087.0,2021-04-26,2021,2021-07-27,2021,2021-04-23,2023-09-30,91,Department of Education (ED),9100,Department of Education,919846,OFC OF ELEMENTARY AND SECONDARY EDU,91,Department of Education (ED),9100,Department of Education,910046,OFC OF ELEMENTARY AND SECONDARY EDU,091-2021/2023-0251-000,091-0251,"41.0: Grants, subsidies, and contributions",0000: UNKNOWN/OTHER,799538178,PUNALCFVXAL6,"ELEMENTARY AND SECONDARY EDUCATION, MASSACHUSETTS DEPARTMENT OF",,73130932,FXV5JB3EPZ99,"MASSACHUSETTS, COMMONWEALTH OF",USA,UNITED STATES,75 PLEASANT ST,MALDEN,MIDDLESEX,MA,Massachusetts,21485089,5,,State Government,SINGLE ZIP CODE,MALDEN,MA,Massachusetts,21484906,5,USA,UNITED STATES,American Rescue Plan Elementary and Secondary Schools Emergency Relief Fund    Homeless Children and Youth (ARP-HCY),84.425: EDUCATION STABILIZATION FUND,sub-grant,bb5d019d365a806f935b6c503eefd040,2021,8,FS425W2122VC6000192086,21780.0,2021-07-20,2021,175288315,"CHICOPEE, CITY OF",WATER DEPARTMENT,66981218.0,"CHICOPEE, CITY OF",USA,UNITED STATES,115 BASKIN DR,CHICOPEE,MA,Massachusetts,10203748,1,,"U.S. Local Government,Municipality",,CHICOPEE,MA,Massachusetts,10132657,2,USA,UNITED STATES,"To prevent, prepare for, and respond to the coronavirus COVID-19 disease pandemic.",,,,,,,,,,,https://www.usaspending.gov/award/ASST_NON_S425W210022_9100/,2021-09-30 11:49:20+00
64,ASST_NON_S425W210022_9100,S425W210022,11994087.0,V: Non-emergency P.L. 117-2,197412.0,11994087.0,2021-04-26,2021,2021-07-27,2021,2021-04-23,2023-09-30,91,Department of Education (ED),9100,Department of Education,919846,OFC OF ELEMENTARY AND SECONDARY EDU,91,Department of Education (ED),9100,Department of Education,910046,OFC OF ELEMENTARY AND SECONDARY EDU,091-2021/2023-0251-000,091-0251,"41.0: Grants, subsidies, and contributions",0000: UNKNOWN/OTHER,799538178,PUNALCFVXAL6,"ELEMENTARY AND SECONDARY EDUCATION, MASSACHUSETTS DEPARTMENT OF",,73130932,FXV5JB3EPZ99,"MASSACHUSETTS, COMMONWEALTH OF",USA,UNITED STATES,75 PLEASANT ST,MALDEN,MIDDLESEX,MA,Massachusetts,21485089,5,,State Government,SINGLE ZIP CODE,MALDEN,MA,Massachusetts,21484906,5,USA,UNITED STATES,American Rescue Plan Elementary and Secondary Schools Emergency Relief Fund    Homeless Children and Youth (ARP-HCY),84.425: EDUCATION STABILIZATION FUND,sub-grant,bb5d019d365a806f935b6c503eefd040,2021,8,FS425W2122VC6000192078,71148.0,2021-07-20,2021,949107155,"BROCKTON, CITY OF",BROCKTON TREASURER'S OFFICE,76581008.0,,USA,UNITED STATES,45 SCHOOL ST FL 2,BROCKTON,MA,Massachusetts,23014049,8,,"U.S. Local Government,Municipality,City",,BROCKTON,MA,Massachusetts,23014049,8,USA,UNITED STATES,"To prevent, prepare for, and respond to the coronavirus COVID-19 disease pandemic.",,,,,,,,,,,https://www.usaspending.gov/award/ASST_NON_S425W210022_9100/,2021-09-30 11:49:20+00
65,ASST_NON_S425W210022_9100,S425W210022,11994087.0,V: Non-emergency P.L. 117-2,197412.0,11994087.0,2021-04-26,2021,2021-07-27,2021,2021-04-23,2023-09-30,91,Department of Education (ED),9100,Department of Education,919846,OFC OF ELEMENTARY AND SECONDARY EDU,91,Department of Education (ED),9100,Department of Education,910046,OFC OF ELEMENTARY AND SECONDARY EDU,091-2021/2023-0251-000,091-0251,"41.0: Grants, subsidies, and contributions",0000: UNKNOWN/OTHER,799538178,PUNALCFVXAL6,"ELEMENTARY AND SECONDARY EDUCATION, MASSACHUSETTS DEPARTMENT OF",,73130932,FXV5JB3EPZ99,"MASSACHUSETTS, COMMONWEALTH OF",USA,UNITED STATES,75 PLEASANT ST,MALDEN,MIDDLESEX,MA,Massachusetts,21485089,5,,State Government,SINGLE ZIP CODE,MALDEN,MA,Massachusetts,21484906,5,USA,UNITED STATES,American Rescue Plan Elementary and Secondary Schools Emergency Relief Fund    Homeless Children and Youth (ARP-HCY),84.425: EDUCATION STABILIZATION FUND,sub-grant,bb5d019d365a806f935b6c503eefd040,2021,8,FS425W2122VC6000195063,31460.0,2021-07-20,2021,184631695,TRITON REGIONAL SCHOOL DISTRICT,SUPERINDTENDANT OFFICE,87134540.0,,USA,UNITED STATES,112 ELM ST,BYFIELD,MA,Massachusetts,19222814,6,,"U.S. Local Government,School District,Educational Institution",,RANDOLPH,MA,Massachusetts,23680540,9,USA,UNITED STATES,"To prevent, prepare for, and respond to the coronavirus COVID-19 disease pandemic.",,,,,,,,,,,https://www.usaspending.gov/award/ASST_NON_S425W210022_9100/,2021-09-30 11:49:20+00
66,ASST_NON_S425W210022_9100,S425W210022,11994087.0,V: Non-emergency P.L. 117-2,197412.0,11994087.0,2021-04-26,2021,2021-07-27,2021,2021-04-23,2023-09-30,91,Department of Education (ED),9100,Department of Education,919846,OFC OF ELEMENTARY AND SECONDARY EDU,91,Department of Education (ED),9100,Department of Education,910046,OFC OF ELEMENTARY AND SECONDARY EDU,091-2021/2023-0251-000,091-0251,"41.0: Grants, subsidies, and contributions",0000: UNKNOWN/OTHER,799538178,PUNALCFVXAL6,"ELEMENTARY AND SECONDARY EDUCATION, MASSACHUSETTS DEPARTMENT OF",,73130932,FXV5JB3EPZ99,"MASSACHUSETTS, COMMONWEALTH OF",USA,UNITED STATES,75 PLEASANT ST,MALDEN,MIDDLESEX,MA,Massachusetts,21485089,5,,State Government,SINGLE ZIP CODE,MALDEN,MA,Massachusetts,21484906,5,USA,UNITED STATES,American Rescue Plan Elementary and Secondary Schools Emergency Relief Fund    Homeless Children and Youth (ARP-HCY),84.425: EDUCATION STABILIZATION FUND,sub-grant,bb5d019d365a806f935b6c503eefd040,2021,8,FS425W2122VC6000192091,46464.0,2021-07-20,2021,193306537,FITCHBURG SCHOOL DISTRICT,,193306537.0,FITCHBURG SCHOOL DISTRICT,USA,UNITED STATES,376 S ST,FITCHBURG,MA,Massachusetts,14207942,1,,"U.S. Local Government,School District",,FITCHBURG,MA,Massachusetts,14207942,1,USA,UNITED STATES,"To prevent, prepare for, and respond to the coronavirus COVID-19 disease pandemic.",,,,,,,,,,,https://www.usaspending.gov/award/ASST_NON_S425W210022_9100/,2021-09-30 11:49:20+00
